Text,Label,Company
"ิยินดีด้วย! คุณได้รับเงินคืนจากกองทุน 1,000,000 บาท ksecrity.the-line.cc",1,kbank
"ิยินดีด้วย! คุณได้รับเงินคืนจากกองทุน 1,000,000 บาท",0,kbank
มีผู้เข้าสู่ระบบธนาคารของคุณจากอุปกรณ์อื่นหากไม่ได้ดำเนินการด้วยตนเอง โปรดติดต่อเจ้าหน้าที่,0,kbank
มีการเข้าสู่ระบบที่ผิดปกติในแอปธนาคารของคุณ หากไม่ได้ดำเนินการด้วยตนเองกรุณาติดต่อเจ้าหน้าที่,0,kbank
คุณกรอกรหัสผ่านเกินจำนวนครั้งที่กำหนด กรุณาติดต่อเจ้าหน้าที่,0,kbank
รหัสสมัครบริการ K PLUS ของคุณคือ 167568,0,kbank
"ชำระ 1,290.00บ บัตร x-1328@STEAMGAMES.COM 8736 13:11น เหลือ 13,838.48บ",0,kbank
Your OTP = 027838 (Ref. Code: BVQJ) Do not disclose this OTP with anyone.,0,kbank
Payment amount=GBP0.79 CapCut. OTP=798820(XDED). Do not disclose this OTP with anyone.,0,kbank
(รหัสผ่าน: 054007) ยินดีด้วยค่ะ คุณสมัครใช้บริการ K PLUS เรียบร้อยเเล้ว เพื่อความปลอดภัยกรุณาเก็บเป็นความลับห้ามเปิดเผยรหัสเเก่บุคคลอื่นไม่ว่ากรณีใดๆ,0,kbank
"ธ. ขอนำส่งข้อกำหนดและเงื่อนไขสำหรับการเปิดบัญชีเงินฝาก และตารางการเปิดเผยข้อมูลผลิตภัณฑ์ (Sales sheet) (ถ้ามี) โดยท่านสามารถเรียกดูรายละเอียดได้ที่เว็บไซต์ธนาคารกสิกรไทย เลือก ""บัญชี"" และเลือก ""ข้อกำหนดและเงื่อนไขการเปิดและใช้บัญชีเงินฝาก"" หรือสอบถาม 02-8888888",0,kbank
"ยืนยันเบอร์โทรศัพท์มือถือ: Bank Ref=AKLP, Confirm code=451092",0,ttb
ท่านได้เปิดบ/ช xx9812 พร้อมสมัครบัตรเดบิตของทีทีบี เรียบร้อยแล้ว 12/11/25@10:45,0,ttb
รหัสเริ่มใช้งาน ttb Touch = 89230156 รหัสหมดอายุ 13/11/25 @ 10:45:00,0,ttb
"โปรดยืนยันหมายเลขโทรศัพท์ Bank Ref = BQWR, OTP: 382910",0,ttb
ยอดชำระของคุณคือ USD11.99 และรหัส OTP คือ 582019 (kPqRzX) กับ Netflix จากบัตรเครดิต ttb หมายเลข 512345**8891,0,ttb
ยอดชำระของคุณคือ THB199.00 และรหัส OTP คือ 104857 (aBcDeF) กับ Spotify Premium จากบัตรเครดิต ttb หมายเลข 450912**3344,0,ttb
ท่านได้เปิดบ/ช xx5501 พร้อมสมัครบัตรเดบิตของทีทีบี เรียบร้อยแล้ว 05/02/26@14:20,0,ttb
รหัสเริ่มใช้งาน ttb Touch = 11094832 รหัสหมดอายุ 05/02/26 @ 14:20:59,0,ttb
"ยืนยันเบอร์โทรศัพท์มือถือ: Bank Ref=MNXC, Confirm code=884102",0,ttb
ยอดชำระของคุณคือ GBP1.50 และรหัส OTP คือ 992103 (tYhNmM) กับ CapCut จากบัตรเครดิต ttb หมายเลข 412388**5567,0,ttb
รหัสนี้ใช้สำหรับกรอกผ่านแอป SCBEasy เพื่อเพิ่มอุปกรณ์ใหม่ด้วยตนเองเท่านั้น ห้ามใช้กรอกบนช่องทางอื่นและโปรตระวังมิจฉาชีพสอบถามข้อมูล<OTP 311300><Ref. VL3F>,0,scb
สมัครแอพ SCB Easy บนอุปกรณ์ใหม่หากไม่ใช่คุณ กรุณาติดต่อธนาคารทันที,0,scb
รหัสนี้ใช้สำหรับยืนยันการโอนเงินผ่านแอป SCBEasy ด้วยตนเองเท่านั้น ห้ามแจ้งรหัสแก่บุคคลอื่นและโปรดระวังมิจฉาชีพสอบถามข้อมูล<OTP 845129><Ref. KX2M>,0,scb
เปลี่ยนแปลงวงเงินทำธุรกรรมผ่านแอพ SCB Easy สำเร็จ หากไม่ใช่คุณ กรุณาติดต่อธนาคารทันที,0,scb
รหัสนี้ใช้สำหรับรีเซ็ตรหัส PIN ผ่านแอป SCBEasy ด้วยตนเองเท่านั้น ห้ามใช้กรอกบนช่องทางอื่นและโปรดระวังมิจฉาชีพ <OTP 592014><Ref. P9QL>,0,scb
เข้าสู่ระบบแอพ SCB Easy บนอุปกรณ์ใหม่สำเร็จ หากไม่ใช่คุณ กรุณาติดต่อธนาคารทันที,0,scb
รหัสนี้ใช้สำหรับผูกบัญชีพร้อมเพย์ผ่านแอป SCBEasy ด้วยตนเองเท่านั้น ห้ามบอกรหัสนี้กับผู้อื่นแม้แต่พนักงานธนาคาร<OTP 108492><Ref. C7NW>,0,scb
"เฉพาะคุณ คุ้มค่าการใช้งาน! 5G เซเรเนด Extra 1299บ.เน็ตไม่จำกัด,โทรทุกเครือข่าย 1200นาที กด*777*4505# (มีผลรอบบิลหน้า) สนใจแพ็กอื่นที่ myAIS",0,ais
จ่ายสะดวก ปลอดภัย ไม่เสียเวลาเดินทาง สามารถชำระค่าน้ำ-ค่าไฟ ค่าบัตรเครดิต-สินเชื่อ ประกันภัย-ประกันชีวิต หรืออื่นๆผ่าน myAIS App คลิก http://m.ais.co.th/anyBillmyAIS,0,ais
สัมผัสเน็ตบ้านสปีดแรง ที่มาพร้อมกับความบันเทิงชั้นนำระดับโลกแบบจุใจผ่าน AIS Playbox พร้อมรับซิมมือถือ data 20GB นาน 24 เดือน ครบ คุ้ม จบในแพ็กเดียว ในราคาสุดพิเศษ 699บาท/เดือน (จากปกติ 899บาท) พร้อมรับสิทธิ์เซเรเนดตามเงื่อนไขที่กำหนด สมัครคลิก https://m.ais.co.th/3BBSRN,0,ais
พิเศษ! ลูกค้าเอไอเอสรับสิทธิ์ทดลองใช้ LINE Stickers Premium ฟรี 30 วัน! หลังจากนั้นค่าบริการเดือนละ 69 บาท (รวมVAT) เลือกใช้สติกเกอร์ได้แบบไม่อั้นกว่า 9 ล้านชุด สมัครบริการจ่ายสะดวกผ่านเบอร์ AIS คลิก! https://m.ais.co.th/LINEPremium_mms23,0,ais
สติกเกอร์ใหม่! มินิมอล มินิใจ สติกเกอร์จากผู้เข้าแข่งขัน LINE STICKERS CONTEST 2023 ซื้อและโหลดเลย! ที่ LINE STORE จ่ายสะดวกผ่านเบอร์ AIS https://m.ais.co.th/linestore_sep23mms,0,ais
โตแล้วไม่คิดเรื่องหยุมหยิมหรอก หยุมหัวกันไปเลย ส่งสติกเกอร์ไปหยุมในแชทเลย โหลดง่าย ๆ ที่ LINE STORE จ่ายสะดวกผ่านเบอร์ AIS https://m.ais.co.th/linestore_aug23sms,0,ais
"เริ่มต้นปีกับเอไอเอส พอยท์ มอบความพิเศษมากมาย ไม่ว่าจะกิน เที่ยว ช้อป สุดคุ้ม! และเพิ่มทางเลือกให้คุณใช้คะแนนสะสมจากพาร์ตเนอร์ (บางจาก, Citi Rewards, K Point) แลกรับสิทธิพิเศษต่างๆ ได้บนแอป myAIS ตั้งแต่ 1 ม.ค.67 - 31 มี.ค.67 เพิ่มเติมคลิก https://m.ais.co.th/E-LeafletQ12024",0,ais
"ใช้ เอไอเอส พอยท์ แลกเป็นส่วนลดแทนเงินสด ทุกๆ 2 คะแนน = 1 บาท กิน เที่ยว ช้อป ที่ร้านค้าถุงเงิน กว่า 1,800,000 ร้านค้าทั่วไทย ที่มีสัญลักษณ์ เอไอเอส พอยท์ เพิ่มเติม คลิก https://m.ais.co.th/QYHEvgJUx1 ม.ค. 67 - 31 ธ.ค. 67",0,ais
AIS ยกขบวนมือถือรุ่นเด็ด พร้อมโปรโมชันส่วนลดจัดเต็มในงาน Thailand Mobile Expo ณ ศูนย์การประชุมแห่งชาติสิริกิติ์ ระหว่างวันที่ 8-11 กุมภาพันธ์ 2567 เตรียมมาชอปมือถือใหม่ รับปีมังกร พร้อมลดภาษีได้เต็ม Max (ขึ้นอยู่กับอัตราเงินได้สุทธิที่เสียภาษี) แล้วพบกันภายในงานตั้งแต่ 10.00 น. – 20.00 น.,0,ais
ธนาคารกสิกรไทยยกเลิกส่ง sms แนบลิงก์ให้ลูกค้าแล้ว ระวัง! อย่ากดลิงก์ที่มิจฉาชีพส่งแทรกเข้ากล่องข้อความ sms เดียวกันกับของธนาคาร,0,kbank
คุณได้รับเงินคืนจากการร่วมกิจกรรมของทางแอปพลิเคชัน MAKE by KBank,0,kbank
ฟินสุดๆกับกงยูอปป้า จากเรือง A Man and A Woman ด้วยสิทธิพิเศษดูฟรี แพ็กเกจ TrueVisions Now Lite 30 วัน กดรับสิทธิ์เลยที่ https://www.dtac.co.th/s/mgftruevis,0,TRUE
นั่งทำงานได้ฟรี หรือจะนั่งชิลล์ก็ได้!! ลูกค้าทรูแลกคุ้ม @TrueSpace ใช้ฟรีทั้งวัน + กดให้เพื่อนเข้าฟรี 3 ชม. หรือใช้ 1 ทรูพอยท์ + เริ่มต้น 80บ. อัปสิทธิ์เต็มวัน 1มีค66-31ธค66 https://bit.ly/48st7DE,0,TRUE
True x Shopee ช้อปคุ้ม ส่วนลดเพียบ! คลิก https://ct.elinks.io/tTdqFe0c,0,TRUE
ลูกค้าที่มีแพ็กเกจ WiFi ไม่อั้น เชื่อมต่อ WiFi อัตโนมัติที่ .@TrueMove H โดยไม่มีค่าใช้จ่ายเพิ่มเติม .. ลูกค้าที่ไม่มีแพกเกจ WiFi ไม่อั้น ควบคุมการใช้งานโดยเชื่อมต่อ WiFi ด้วยตัวเองที่ .@TRUEWIFI,0,TRUE
หน้าร้อนแบบนี้ มาเล่นเน็ตฟินๆ เพียงซื้อเน็ต 25 GB ใช้งานได้ 10 วัน เพียง 179 บาท เฉพาะที่ True iService คลิก https://iservice.page.link/E4K3,0,TRUE
PAYDAY เปย์ให้คุ้ม ดีลลดสูงสุด 90% พร้อมแจกโค้ดส่งฟรีไม่มีขั้นต่ำ* แล้วไปช้อปกัน ที่ TrueID Shopping ตั้งแต่ 20 มี.ค. 67 - 27 มี.ค. 67 ที่ทรูไอดี คลิก https://bit.ly/3E23EDM,0,TRUE
ดูบอลพรีเมียร์ลีก และบอลยุโรปสด กว่า 1500 แมตช์ เพียงสมัครแพ็กเกจ TrueVisions Now EPL&UEFA เริ่มต้น 499บ./เตือน ที่ทรูไอดี สมัครเลย https://bit.ly/47EGgJq,0,TRUE
คุณได้รับคะแนนสะสม 23TruePoint จากการใช้จ่ายของสินค้าทรู คะแนนคงเหลือ522 คะแนน สนใจแลกสินค้าที่7-Elevenคลิก bit.ly/2GB2VcR,0,TRUE
"จำนวนจำกัด! ส่วนลด TruelD+ รายปี499 บ. (ปกติ 599 บ.) กรอกโค้ดTRUEDSTID ที่ช่อง ""โค้ดส่วนลดร้านค้า"" ก่อนชำระเงิน ตั้งแต่ 28 - 31 ม.ค.67 ที่ https://bitly.ws/3az4m",0,TRUE
"ซีรีส์รอมคอม ที่มาพร้อมยำสุดน่ากิน ดูเลย ""สูตรลับขโมยใจ"" นำแสดงโดย ซี-พฤกษ์ - สไมล์ ภาลฎา ดูฟรีครบทุกตอนที่ TruelD คลิก https://ttid.co/Kupk/ri1hz4b7",0,TRUE
"ดูเพลิน ๆ สนุก อิน ฟิน ส่งท้ายปีกับ ซี-พฤกษ์ - สไมล์ ภาลฎา ใน ""สูตรลับขโมยใจ"" ดูฟรีครบทุกตอน ที่ TruelDคลิก https://ttid.co/KupK/ri1hz4b7",0,TRUE
"ปัจจุบันท่านมี 2,938 TruePoint (ยอดวันที่ 23/11/2564) โดย 772 TruePointจะหมดอายุ 31/12/2564 นี้ รับสิทธิพิเศษเลือกสรรมาเพื่อคุณได้ที่ https://bit.ly/3jWellf",0,TRUE
"สมัครสมาชิกใหม่วันนี้ รับฟรีทันทีคูปองส่วนลดเติมเกมสูงสุด 15%!! เติมเกมชั้นนำได้ทุกเกม เช่น VALORANT, Ragnarok X: Next Generation หรือ League of Legends อ่านรายละเอียด คลิก! https://m.ais.co.th/gameon_mar23mms",0,ais
คุณได้ 12 คะแนนจากการชำระบิล คุณมี 233 คะแนน@25/04/23 เช็กที่ http://m.ais.co.th/zGH6WKzUZ,0,ais
"แจกแรง ลุ้นจัดเต็ม!  เพิ่มคะแนนให้ลูกค้าเอไอเอสลุ้นง่ายๆ ไม่ว่าจะใช้เอไอเอส พอยท์แค่ 5 คะแนน บางจาก 40 คะแนน ซิตี้ รีวอร์ด 50 คะแนน หรือ K Point 50 คะแนนก็ลุ้นได้! แจกแรง ลุ้นรับจัดเต็ม! OPPO Reno8T 5G 256GB มูลค่า 14,990 บาท จำนวน 50 รางวัล รวมมูลค่า 749,500 บาท แลกสิทธิ์ได้ที่ https://m.ais.co.th/EKH8ObRIy หรือ กด *550*4#โทรออก ฟรี!ยิ่งกดแลกมาก ยิ่งมีสิทธิ์มาก ตั้งแต่วันที่ 1 เม.ย. 66 – 30 เม.ย. 66 ",0,ais
5G GAME Mode เน็ต 5GB เล่น 12แอปเกมฮิต 49บ.ใช้ได้ 3ชม.เฉพาะพื้นที่ 5G สมัครผ่านเมนู myNetwork คลิก https://m.ais.co.th/5Ggamemodesms,0,ais
ยิ่งใช้มากยิ่งได้มาก! รับโบนัสโทรฟรี 100% จาก AIS เพียงคุณสะสมยอดใช้งานครบ 10 บาท ภายใน 31/03/2567 โบนัสใช้โทร และส่ง SMS ในประเทศ ได้ 2 วัน,0,ais
"ใหม่ดูยาวทั้งปี รวม 3 แอป ในครั้งเดียว สมัครแพ็กเกจรายปี 999 บาท/ปี (เฉลี่ยเพียงเดือนละ 84 บาทเท่านั้น) รับชม iQIYI VIP, Viu Premium และ WeTV VIP พร้อมช่องดังมากมายที่ AIS PLAY สมัครเลย คลิก https://m.ais.co.th/ASN999Bmms",0,ais
ปังสุดหยุดไม่อยู่! เพียง 29บาท เน็ต 29GB ใช้ได้ 24ชม.(สมัครภายใน 21-22 ก.พ. 67) สมัครเลยที่แอป myAIS คลิก https://m.ais.co.th/29B1Dsms,0,ais
"ใช้ 1 คะแนน แลกรับกระเป๋าผ้า 399.- เมื่อซื้อหนังสือครบ 1,200.- ที่บูธนายอินทร์ (B46) งานสัปดาห์หนังสือแห่งชาติ Hall 5-7 ชั้น LG ศูนย์ฯสิริกิติ์ 28 มี.ค. - 8 เม.ย. 67 คลิก https://m.ais.co.th/pLHzqDPtZ",0,ais
ขอส่งความสุขให้คุณในเทศกาลสงกรานต์กับสิทธิพิเศษหลากหลาย แลกรับสิทธิ์พิเศษด้วยหมายเลข AIS หรือหมายเลขเน็ตบ้าน AIS Fibre (ขึ้นต้นด้วย 880) เพียงโอน 3BB Points (สูงสุดไม่เกิน 300 คะแนน) จากแอป 3BB Member มาเป็น AIS Points คลิก https://3bb.co.th/s/iSqF5a ตั้งแต่วันที่ 6มี.ค.67-31ธ.ค.67,0,ais
"แพ็กเกจ PLAY PREMIUM PLUS บนแอป AIS PLAY จะมีการปรับเปลี่ยนช่อง โดย  EDGE Sport, Aniplus และ BBC lifestyle จะยุติให้บริการเริ่มตั้งแต่ 1 ก.ย. 66 เป็นต้นไป ท่านสามารถรับชมรายการความบันเทิงอื่นๆอีกมากมายได้ตามปกติทาง AIS PLAY เพิ่มเติม m.ais.co.th/PPP_content เช็ก/เปลี่ยนแพ็ก m.ais.co.th/6yHweKdh8",0,ais
สะดวก ปลอดภัย ไม่ต้องรอคิว ชำระค่าบริการออนไลน์ ผ่าน myAIS App ฟรีค่าธรรมเนียม พร้อมสะสม AIS Points แลกสิทธิพิเศษ เพียงชำระภายในระยะเวลาที่กำหนด คลิก http://m.ais.co.th/myAISpaymentTH,0,ais
ยิ่งใช้มากยิ่งได้มาก! รับโบนัสโทรฟรี 100% จาก AIS เพียงคุณสะสมยอดใช้งานครบ 10 บาท ภายใน 17/10/2566 โบนัสใช้โทร และส่ง SMS ในประเทศ ได้ 2 วัน,0,ais
Flash Express ใบเสร็จอิเล็กทรอนิกส์ https://fle.pub/NzhtYE,0,flash
Flash ได้จัดส่ง สำเร็จ รายละเอียด:https://fle.pub/ Z40ISO,0,flash
Flash ได้จัดส่ง สำเร็จ รายละเอียด:https://fle.pub/SkBF46,0,flash
Flash ได้จัดส่ง สำเร็จ รายละเอียด:https://fle.pub/ISztix,0,flash
ใหม่! เทคโนโลยีลดอุณหภูมิผิว New Cryo-Flash Cream Mask ฟรีซผิวดูอ่อนเยาว์เชิญ รับผลิตภัณฑ์ทดลอง ถึง 31 ม.ค. 67 https://bit.ly/48KD6UJ,0,flash
Flash TH0125516R2G2Dจัดส่งสำเร็จ รายละเอียดhttps://fle.pub/RGZth6,0,flash
แฟลช เอ็กซ์เพรส พัสดຸของคຸณได้รับความเสียหายในการจัดส่ง กรุณายื่นเคลมค่าเสียหายหรือติดต่อฝ่ายบริการลูกค้า! www.flash-th.online,0,flash
[J&T Express]พัสดุ627472226743 จัดส่งสำเร็จแล้ว ตรวจสอบได้ที่เว็บไซต์ J&T Express Thailandหากมีข้อสงสัย กรุณาติดต่อ call center 1470,0,J&T
มีการเข้าสู่ระบบที่ผิดปกติในแอปธนาคารของคุณ หากไม่ได้ดำเนินการด้วยตนเองกรุณาติดต่อเจ้าหน้าที่ทันที kasikorn.go-line.cc,1,kbank
มีผู้เข้าสู่ระบบธนาคารของคุณจากอุปกรณ์อื่นหากไม่ได้ดำเนินการด้วยตนเอง โปรดติดต่อทันที kasikorn.go-line.cc,1,kbank
มีผู้เข้าสู่ระบบธนาคารของคุณจากอุปกรณ์อื่นหากไม่ได้ดำเนินการด้วยตนเอง โปรดติดต่อทันที ksecrity.the-line.cc,1,kbank
บัญชีของคุณถูกระงับการใช้งาน กรุณาคลิกลิงก์เพื่อยืนยันตัวตน,1,kbank
ธนาคารปรับปรุงระบบ โปรดอัปเดตข้อมูลตามลิงก์,1,kbank
คุณกรอกรหัสผ่านเกินจำนวนครั้งที่กำหนด กรุณาติดต่อเจ้าหน้าที่ทันที ksecurity.xv-lne.cc,1,kbank
แจ้งคะแนนของคุณใกล้หมดอายุ กรุณากดแลกสิทธิ์ https://2w0h.ac/Bd04,1,kbank
"ิยินดีด้วย! คุณได้รับเงินคืนจากกองทุน 1,000,000 บาท https://sm.s/7DFYbh/",1,kbank
"ttb แจ้งเตือน: คะแนน ttb rewards ของท่านจำนวน 5,000 คะแนนกำลังจะหมดอายุในวันนี้ แลกรับของรางวัลฟรีที่ https://ttb-rewards-redeem.cc",1,ttb
เรียนลูกค้า ttb มีรายการโอนเงินผิดเข้าบัญชีของท่าน กรุณาติดต่อเจ้าหน้าที่เพื่อดำเนินการคืนเงินด่วนที่ไลน์ @ttb.care.center หรือโทร 080-111-2222,1,ttb
ttb ขอเชิญท่านอัปเกรดบัญชี ttb all free เป็นระดับ VIP เพื่อรับดอกเบี้ย 5% ต่อปี ลงทะเบียนฟรีที่ https://ttb-vip-upgrade.info,1,ttb
ด่วน! บัญชี ttb ของท่านไม่มีการเคลื่อนไหวเกินกำหนด ระบบจะทำการปิดบัญชีและริบเงินคงเหลือภายใน 24 ชม. ยืนยันสถานะที่ไลน์ @ttb.verify,1,ttb
ttb ร่วมกับสรรพากร แจ้งสิทธิ์รับเงินคืนภาษีประจำปี โอนตรงเข้าบัญชี ttb ของท่าน ตรวจสอบยอดเงินและรับสิทธิ์ที่ https://ttb-tax-refund.net,1,ttb
แจ้งเตือนจาก ttb: มีการล็อกอินเข้าแอป ttb touch จากเครื่อง iPhone 15 Pro ที่เชียงใหม่ หากท่านไม่ได้ทำรายการ โปรดคลิกยกเลิกด่วน https://ttb-cancel-login.com,1,ttb
ttb ประกันภัย: ท่านได้รับสิทธิ์ฟรีประกันอุบัติเหตุคุ้มครอง 1 ล้านบาท เนื่องในโอกาสพิเศษ รับความคุ้มครองทันทีที่ https://ttb-insurance-free.cc,1,ttb
ศูนย์รักษาความปลอดภัย ttb: พบข้อมูลบัญชีของท่านรั่วไหลจากแพลตฟอร์มช้อปปิ้งออนไลน์ กรุณาเปลี่ยนรหัส PIN ด่วนที่ https://secure.ttb-touch.com,1,ttb
"ttb แจ้งเตือนหนี้ค้างชำระ: ท่านมียอดค้างชำระสินเชื่อจำนวน 85,000 บาท หากต้องการสอบถามหรือปฏิเสธรายการ โทร 02-999-9999 กด 9",1,ttb
"โอกาสลงทุนพิเศษจาก ttb: กองทุนรวมผลตอบแทนสูง 20% ต่อเดือน รับประกันเงินต้น สมัครเปิดพอร์ตขั้นต่ำ 1,000 บาท แอดไลน์ @ttb.invest",1,ttb
"คุณได้รับสิทธิ์สินเชื่อ SCB 90,000คลิก :https://cutt.ly/XBfBc3n",1,scb
ธนาคารได้อนุมัติสินเชื่อของคุณแล้วติดต่อ : t.ly/SCB-BanK,1,scb
SCB อัปเกรดออนไลน์โปรดดำเนินการทันที! http://asiascb.com,1,scb
(SCB)หาเงินก้อนโต กู้ได้ทุกอาชีพ อนุมัติวันเดียว คลิ๊ก:bit.do/TCBTH,1,scb
"(SCB)ท่านได้รับสิทธิ์ยื่นกู้ 320,000.-ผ่านทางเรา: cutt.ly/SCB-!Easy",1,scb
"(SCB)ท่านได้รับสิทธิ์ยื่นกู้320,000฿ คลิ๊ก: tiny.cc/SCB_",1,scb
"K BANKกสิกรให้คุณยื่นกู้300,000ใช้สิทธิ์ติดต่อ ID:rk..623",1,kbank
"K BANK กสิกรให้คุณยื่นกู้ 500,000 ใช้สิทธิ์ :tiny.cc/m4r3vz",1,kbank
K PLUS Xpress Loan อนุมัติภายใน 1 วัน ติดต่อ : lnnk.in/eAf3,1,kbank
ธ.ทหารไทยธนชาต ยื่นสิทธิ์การกู้ให้ท่าน สนใจ คลิก:shorturl.asia/WD40r,1,ttb
Flash Express พัสดุของท่าน เกิดการเสียหาย กรุณายื่นเคลม ค่าเสียหาย คลิก :https:/bit.ly/3sSK1L8,1,flash
Flash Express พัสดุของท่าน เกิดการเสียหาย กรุณายื่นเคลม ค่าเสียหาย คลิก ….,1,flash
Flash พัสดุมีปัญหาระหว่างการจัดส่ง  ยืนยันพัสดุ : cutt.ly/FlashServe,1,flash
FLASH Express สวัสดีค่ะคุณมีประวัติการใช้บริการเกิน5ครั้ง บริษัทจึงมอบของขวัญพัดลมมินิเพื่อเป็นการขอบคุณเพิ่มไลน์: faai678,1,flash
FlashExpress ติดต่อคุณไม่ได้ กรุณายืนยันพัสดุของคุณอีกครั้ง : cutt.ly/FlahExpress,1,flash
Flash จัดส่งไม่สำเร็จ กรุณาติดต่อ เพื่อยืนยันให้พัศดุจัดส่งอีกรอบ www.flash.zs-th.com,1,flash
Flash จัดส่งไม่สำเร็จ กรุณาติดต่อเพื่อยืนยันให้พัสดุจัดส่งอีกรอบ： www.flash.zs-th.com,1,flash
พัสดุ ของคุณไม่ได้รับการจัดส่งสินค้า  กรุณายืนยันพัสดุของคุณอีกครั้ง :  www.flash.lx-th.com,1,flash
Flash Express จัดส่งพัสดุให้ท่านไม่สําเร็จ กรุณาติดต่อ,1,flash
เพื่อยืนยันการจัดส่งพัสดุอีกครั้ง ：www.flash.so-th.com,1,flash
Flash TH03024V3FTU9Aจัดส่งสำเร็จ รายละเอียดhttps://fle.pub/USLyru,1,flash
Flash Expres พัสดุของท่านเกิดการเสียหายขณะขนส่ง กรุณายื่นเคลมค่าเสียหายหรือติดต่อฝ่ายบริการลูกค้าhttps://citly.me/C2MU5,1,flash
6.6 นี้ Shopee แจกโค้ดส่งฟรี ช้อปเลย! https://shope.ee/6pVeAk7Y9Q,0,shopee
Shopee 3.3 ซิมเน็ตรายปี เฉลี่ยเดือนละ 94 บาท https://shope.ee/5fQghO6syv (ยกเลิกข่าวสาร เข้าแอปฯ>ฉัน>ตั้งค่าบัญชี>ตั้งค่าการแจ้งเตือน),0,shopee
Shopee 4.4 โคเรียดอง ลดหนักสุด 4 กระปุก 751.- https://shope.ee/5pkoChxKsq (ยกเลิกข่าวสาร เข้าแอปฯ>ฉัน>ตั้งค่าบัญชี>ตั้งค่าการแจ้งเตือน),0,shopee
Shopee 4.4 Flash Sale ซิมเน็ตรายปี เดือนละ 94.- https://shope.ee/7AGBn9sGBE (ยกเลิกข่าวสาร เข้าแอปฯ>ฉัน>ตั้งค่าบัญชี>ตั้งค่าการแจ้งเตือน),0,shopee
โปรใหม่ สุดคุ้ม ต่อที่ 1 รับ AIS Points สูงสุด 200 คะแนน ต่อที่ 2 รับ ส่วนลด Shopee 300 บาท เมื่อสมัครและช้อปออนไลน์ ด้วยบัตรบีเฟิสต์ ดิจิทัล เอไอเอส พอยท์ ตั้งแต่วันที่ 15 ส.ค. 66 ถึง 31 ต.ค. 66 สมัครบัตรฟรี รายละเอียดเพิ่มเติม คลิก https://m.ais.co.th/wxHA4djf1?ref_code=1-1FX4HS6G ยกเลิก SMS กด *673#,0,shopee
SHOPEE: เข้าสู่ระบบด้วยบัญชีของคุณกด shopee.co.th/dlink/verify/link?q=RoYcHR6d&event_type=1,0,shopee
เที่ยงคืนนี้! Shopee 2.2 แจกโค้ดลดพิเศษ https://shope.ee/2L9XodXgSp,0,shopee
Shopee 3.3 ซิมเทพรายปี เฉลี่ยเดือนละ100 กว่าบาท https://shope.ee/5pk6th6Fdw (ยกเลิกข่าวสาร เข้าแอปฯ>ฉัน>ตั้งค่าบัญชี>ตั้งค่าการแจ้งเตือน),0,shopee
Shopee 4.4 ชิมเน็ตรายปี เฉลี่ยเพียงเดือนละ 100 https://shope.ee/604EPOwhXz (ยกเลิกข่าวสาร เข้าแอปฯ>ฉัน>ตั้งค่าบัญชี>ตั้งค่าการแจ้งเตือน),0,shopee
Lazada 10.10 ลดแรง พร้อมรับเงินคืนสูงสุด 50%* คลิก i9i.in/LazadaUy5h,0,lazada
Lazada: แจ้งเตือน มีคนลงชื่อเข้าใช้งานบัญชีของคุณบนอุปกรณ์ใหม่,0,lazada
Lazada เซลใหญ่วันเกิด แบรนด์ดังลดแรง สูงสุด 90% ที่ i9i.in/LazadaXg4g,0,lazada
"เลือกรับของสมนาคุณโดนใจ 1 รายการ E-coupon Lazada 1,000 บ.หรือหูฟังOPPO ENCO Air2i มูลค่า 1,700 บ.หรือกระเป๋าล้อลากขนาด 20 นิ้วมูลค่า 4,690 บ.เพียงสะสมยอดใช้จ่ายตามเงื่อนไข บัตรของท่านอนุมัติ 20 ธ.ค.  66 เปิดใช้งานบัตรและลงทะเบียนก่อนทำรายการผ่านแอป UCHOOSE (ยกเลิกข้อความโทร023456789)",0,lazada
ชวนช้อปดีลด่วนกลางเดือน LazadaMidmonth ดีล LazFlash ช่วยเปย์ 80% ส่งฟรีไม่มีขั้นต่ำ เฉพาะ 15 ก.ย.66 ที่ทรูไอดีช้อปเลย https://bit.ly/3BfgkPZ,0,lazada
ช้อป Lazada ตีลเต็ตลดด่วน ตีลลดสูงสุด90% คลิก i9i.in/LazadaUySh,0,lazada
"สิ้นเตือนแล้วมาช้อปกันที่ลาซาต้าคูปองลดสูงสุด1,000 .-* 19i.in/LazadaNr8r",0,lazada
Lazada 11.11 เซลใหญ่สุดอลังแห่งปีคูปองส่งฟรีทั่วไทย* i9i.in/Lazadag21r,0,lazada
Lazada โปรแรง ลดแรงสูงสุด 80%* ทุกสิ้นเดือน คลึกเลย i9i.in/LazadaBd4i,0,lazada
"Lazada 12.12 เซลลดแรงส่งท้ายปี คูปองลดสูงสุด10,000 .- i9i.in/Lazadag59i",0,lazada
ลาซาด้า ช้อปดีลดี ส่งท้ายปี LazFlash ช่วยเปย์ 80%* i9i.in/Lazadan27g,0,lazada
"Lazada NEW YEAR GRAND SALE คูปองปีใหม่สูงสุด5,000 .-* i9i.in/Lazadar37k",0,lazada
ลดสูงสุด 90% ดีลชวนเปย์ ส่งท้ายเดือนที่Lazada i9i.in/Lazadaj89c,0,lazada
3.3 เซลใหญ่สุดอลัง คูปองส่งฟรีทั่วไทยคลิก i9i.in/Lazadaf84x,0,lazada
"Lazada เซลใหญ่ คูปองวันเกิด ลดสูงสุด10,000 .- คลิก i9i.in/LazadaXg4g",0,lazada
"Lazada 4.4 เซลลตสับรับซัมเมอร์ คูปองลดสูงสุด 5,000 .- i9i.in/LazadaSw1w",0,lazada
เตรียมตัวให้พร้อม Lazada PAYDAYกำลังจะเริ่ม สินค้าลดสูงสุด 90% ส่งฟรีไม่มีขั้นต่ำ วันที่ 24 ก.พ. 67 - 27 ก.พ.67 ที่ทรูไอดี คลิก https://bit.ly/3E23EDM,0,lazada
"สวัสดี เรามาจากกระทรวงพาณิชย์ของ Shopee เราขอเชิญคุณทำงานเสริมที่บ้าน หาเงินง่ายๆ วันละ 3,000 บาทด้วยมือ ถือ แล้วเงินเดือนออกวันเดียวกัน สนใจก็สามารถแอดไลน์มาได้เลย ID:3636558",1,shopee
เป็นตัวแทนของ Shopee หรือ Lazada เชิญชวนให้มาทำงานสร้างยอดซื้อขายสินค้า,1,shopee
"สวัสดีครับ ผมเป็นผู้จัดการการจ้างงานของ Shopee เนื่องจากตำแหน่งว่าง เรากำลังหาพนักงานสมัครงาน part-time จากที่บ้าน เงินเดือนจะได้รับ 1,000-5,000 บาทต่อวัน โปรดติดต่อเราหากคุณสนใจLINE ID：admin58 หมายเลขโทรศัพท์：0625507503",1,shopee
รับส่วนลดยูนิลีเวอร์สูงสุด50% ที่ShopeeและLazada ยกเลิกSMSโทร027394000,1,shopee
"สวัสดีครับ ผมเป็นผู้จัดการการจ้างงานของ Shopee เนื่องจากตำแหน่งว่าง เรากำลังหาพนักงานสมัครงาน part-time จากที่บ้าน เงินเดือนจะได้รับ 1,000-5,000 บาทต่อวัน โปรดติดต่อเราหากคุณสนใจ LINE ID：7 หมายเลขโทรศัพท์：",1,shopee
"""สวัสดีค่ะ เนื่องจากคุณเป็นผู้ใช้ที่มีประวัติที่ดี  ยินดีด้วยคุณถูก Lazada เลือกให้ทำงานหารายได้เสริมทางออนไลน์ ใช้เวลาเพียง 3-5นาที จ่ายสดทุกบิล รายได้ต่อวัน2000บาท/วันติดต่อเรา@LINE：admin58 เบอร์ติดต่อ：0625507503""",1,lazada
เนื่องจากคุณเป็นผู้ใช้ที่มีประวัติที่ดี  ยินดีด้วยคุณถูก Lazada เลือกให้ทำงานหารายได้เสริมทางออนไลน์ ใช้เวลาเพียง 3-5นาที จ่ายสดทุกบิล รายได้ต่อวัน2000บาท/วัน ติดต่อเรา@LINE：admin58 เบอร์ติดต่อ：0625507503,1,lazada
สวัสดีค่ะ เนื่องจากคุณเป็นผู้ใช้ที่มีประวัติที่ดี  ยินดีด้วยคุณถูก Lazada เลือกให้ทำงานหารายได้เสริมทางออนไลน์ ใช้เวลาเพียง 3-5นาที จ่ายสดทุกบิล รายได้ต่อวัน2000บาท/วัน ติดต่อเรา@LINE： เบอร์ติดต่อ：093461002,1,lazada
รับคูปองเพิ่มเติม คูปองส่วนลด30%+ส่งฟรีไม่มีขั้นต่ำ* i9i.in/Lazadao66d,1,lazada
สล็อตเกมยิงปลา ฝาก 198 รับ 198  https://s.id/1Uwjg,1,slot
"EM599.com เวอร์ชั่นเว็บ：   WWW.EM559.COM  Line ID: @em88  การันตีความมั่นคงด้วยใบรับรองจากคาสิโนลาสเวกัส เว็บทางการสำหรับเดิมพันฟุตบอลโลก 2022 สล็อตออนไลน์ที่มีอัตราการแจกโบนัสสูงที่สุด  ดหนังฟรี 24 ชม: EM8.tv  ①อัปเกรดเป็นระดับ VIP รับฟรี 39,999 บาท ②บาคาร่า ถ่ายทอดสด รับ 7%  ③ฝากแรกรับฟรีสูงสุด 3888  SEXY SA live PG JOKER JILI /ยงปลา /งานกีฬา  พิมพ์ “1”ส่ง 2 ครั้ง ในแชทนี้เพื่อสามารถกดลิ้งสมัครได้ Line：https://lin.ee/n8wR6D5  คลิกลิ้งรับโบนัสฟรี 9999 บาท！",1,slot
🎁คณมีเงินรางวัล 88-588 บาทฟรีที่ยังไม่ได้รับ! 💰เข้าสู่เว็บไซต์เพื่อรับเงินรางวัลสูงสุด 9999 บาท 🏆460bet แพลตฟอร์มความบันเทิงออนไลน์ที่ใหญ่ที่สุดในเอเชียมีเกมสล็อตมากมายรอให้คุณสำรวจ 🌐เป็นทางการ: 460888f.com 📲ดาวน์โหลดแอป: 862670.com ‼️โปรดทราบ: ตอบกลับเนื้อหาสองชิ้นติดต่อกันได้ฟรีแล้วคลิก URL,1,slot
38thi.com ฝากเงินรับฟรี1888บาท เกมสล็อต บาคาร่า https://lin.ee/1SpgvLC,1,slot
สล็อตเว็บตรง แตกง่ายไม่ทำเทิร์นLINE:@88NOR-oline.me/ICjyU,1,slot
รวมสล็อต เว็บตรงดีที่สุดไม่ต้องทำเทิร์น LINE:@ZOP88lin.ee/BuPPM35,1,slot
รายได้เสริมOn line TikTok,1,tiktok
ท่านเป็นผู้ใช้ TikTok ที่มีประวัติดี เชิญชวนมาทำงานออนไลน์,1,tiktok
"สวัสดีค่ะ เงินเดือน 10,000 บาท อยู่ในผู้ใช้ของคุณแล้ว  โอนเงินเข้าบัญชีของคุณทันทีเมื่อสิ้นสุดการสัมภาษณ์ TikTok ติดต่อฝ่ายบริการ@LINE: xx767",1,tiktok
สวัสดีค่ะ เนื่องจากคุณเป็นผู้ใช้ที่มีประวัติที่ดี  ยินดีด้วยคุณถูกTikTok เลือกให้ทำงานหารายได้เสริมทางออนไลน์ ทำง่ายๆ จ่ายสดทุกบิล รายได้ต่อวัน3000บาท/วัน ติดต่อเรา@LINE：a3633,1,tiktok
"สวัสดีค่ะ TikTok ขอมอบโอกาสสร้างรายได้ให้กับคุณ เนื่องจากคุณมีประวัติผู้ใช้งานที่ดี รายได้1000-10,000 บาทรับสิทธิ์ของคุณได้เลยตอนนี้ สนใจติดต่อเรา  @LINE : a3248",1,tiktok
สวัสดีค่ะ เนื่องจากคุณเป็นผู้ใช้ที่มีประวัติที่ดี  ยินดีด้วยคุณถูกTikTok เลือกให้ทำงานหารายได้เสริมทางออนไลน์ ทำง่ายๆ จ่ายสดทุกบิล รายได้ต่อวัน3000บาท/วัน ติดต่อเรา@LINE：m6773,1,tiktok
"สวัสดีค่ะ ยินดีด้วยคุณเป็นผู้โชคดีจากTikTok ตอนนี้คุณได้รับเชิญทำงานหารายได้เสริมบน TikTokเพียงแค่กดไลค์กดติดตาม ทำรายการง่ายๆจ่ายสดทุกบิล รายได้5,000 บาทสนใจติดต่อฝ่ายบริการ LINE：dph5",1,tiktok
"สวัสดีค่ะ ยินดีด้วยคุณเป็นผู้โชคดีจากTikTok ตอนนี้คุณได้รับเชิญทำงานหารายได้เสริมบน TikTokเพียงแค่กดไลค์กดติดตาม ทำรายการง่ายๆจ่ายสดทุกบิล รายได้5,000 บาท สนใจติดต่อฝ่ายบริการ LINE: z3as",1,tiktok
"ยินดีด้วยค่ะ คุณได้สิทธิ์ร่วมแสดงความคิดเห็นบน tiktok  คุณได้รับรางวัลเงินสด 20,000 บาทค่ะ สนใจติดต่อ   Line ID： k5u5",1,tiktok
คุณได้รับสิทธิ์จาก TikTok มากดไลท์กดติดตามเพื่อสร้างความนิยมให้กับTikTokรายได้เสริม 3000/วันสนใจ@LINK：  citly.me/64Wzd,1,tiktok
[สวัสดีค่ะ เนื่องจากคุณเป็นผู้ใช้ที่มีประวัติที่ดี  ยินดีด้วยคุณถูกTikTok เลือกให้ทำงานหารายได้เสริมทางออนไลน์ ใช้เวลาเพียง 5-10นาที จ่ายสดทุกบิล รายได้ต่อวัน5000บาท/วัน ติดต่อเรา@LINE：⬛️⬛️],1,tiktok
"สวัสดีค่ะ ยินดีด้วยคุณเป็นผู้โชคดีจากTikTok ตอนนี้คุณได้รับเชิญทำงานหารายได้เสริมบน TikTokเพียงแค่กดไลค์กดติดตาม ทำรายการง่ายๆจ่ายสดทุกบิล รายได้5,000 บาท สนใจติดต่อฝ่ายบริการ LINE：",1,tiktok
ดู Tiktok/ยูทูปเพลินไม่สะดุดด้วยความเร็วสูงสุดกับแพ็กเอนเตอร์เทนเมนท์ไม่อั้น แค่วันละ 39บ.กด *212*23# หรือคลิก https://dtac.co.th/s/TT1D,0,tiktok
[TikTok] 601149 คือรหัสยืนยันของคุณ โปรดอย่าแชร์กับผู้อื่น,0,tiktok
Kerry Express สวัสดีค่ะคุณมีประวัติการใช้บริการเกิน5ครั้ง  บริษัทจึงมอบของขวัญ  หม้อมินิ  เพื่อเป็นการขอบคุณเพิ่มไลน์：ww2a3,1,kerry
Kerry Express สวัสดีค่ะคุณมีประวัติการใช้บริการนี้มากกว่า5ครั้งบริษัทจึงมอบของขวัญหูฟังบลูทูทเพื่อเป็นการขอบคุณเพิ่มไลน์：pjerg4730,1,kerry
Kerry Express สวัสดีค่ะคุณมีประวัติการใช้บริการเกิน5ครั้ง  บริษัทจึงมอบของขวัญ  หม้อมินิ  เพื่อเป็นการขอบคุณเพิ่มไลน์：pkty1305,1,kerry
Kerry Express สวัสดีค่ะคุณมีประวัติการใช้บริการนี้มากกว่า5ครั้งบริษัทจึงมอบของขวัญหูฟังบลูทูทเพื่อเป็นการขอบคุณเพิ่มไลน์：asa490,1,kerry
Kerry Express สวัสดีค่ะคุณมีประวัติการใช้บริการเกิน5ครั้ง บริษัทจึงมอบของขวัญ หม้อมินิ เพื่อเป็นการขอบคุณเพิ่มไลน์: xxnn789,1,kerry
Kerryไม่สามารถจัดส่งพัสดุได้ กรุณาติดต่อพนักงาน : www.kerry.zs-th.com,0,kerry
J&T Express สวัสดีค่ะคุณมีประวัติการใช้บริการเกิน 5 ครั้ง ทางสครจึงมอบพัดลมเป็นของขวัญปีใหม่เพื่อเป็นการขอบคุณเพิ่มไลน์:sep986,1,J&T
J&T Express สวัสดีค่ะคุณมีประวัติการใช้บริการเกิน5ครั้ง เพื่อเป็นการขอบคุณทาง สคร.จึงขอมอบหม้อชาบูเป็นของขวัญตอบแทนเพิ่มไลน์：wer898,1,J&T
J&T Express สวัสดีค่ะคุณมีประวัติการใช้บริการเกิน 5 ครั้ง ทาง สคร. จึงมอบพัดลมมินิเป็นของขวัญปีใหม่เพื่อเป็นการขอบคุณเพิ่ม ไลน์: sep298,1,J&T
J&T Express สวัสดีค่ะคุณมีประวัติการใช้บริการเกิน5ครั้ง ทาง สคร. จึงมอบของขวัญ เป็นของขวัญปีใหม่เพื่อเป็นการขอบคุณเพิ่มไลน์: kqx47,1,J&T
J&T Express สวัสดีค่ะคุณมีประวัติการใช้บริการเกิน5ครั้ง เพื่อเป็นการขอบคุณทาง สคร.จึงขอมอบหม้อชาบูเป็นของขวัญตอบแทนเพิ่มไลน์:sep511,1,J&T
J&T Express สวัสดีค่ะคุณมีประวัติการใช้บริการเกิน5ครั้ง ทาง สคร. จึงมอบพัดลมมินิ เป็นของขวัญปีใหม่เพื่อเป็นการขอบคุณเพิ่มไลน์：sep35,1,J&T
"คุณได้รับสิทธิ์สินเชื่อKTBกรุงไทย 75,000บ.ติดต่อ: shortz.link/fBcTF",1,ktb
"【KTB】คุณได้รับสิทธิ์ยื่นกู้ 200,000 บาท คลิ๊ก cutt.ly/YVfb0pl",1,ktb
"【KTB】คุณได้รับสิทธิ์กู้กับทางเรา 200,000 บาท คลิก: bit.ly/3d9Tg2k",1,ktb
【KTB】คุณได้สิทธิ์เงินฉุกเฉิน1แสนถึง1ล้านบาท คลิ๊ก:bit.ly/CITITH-UOB,1,ktb
"KTB คุณได้สิทธิ์ยื่นกู้ได้ 50,000 บาท คลิก: bit.ly/3wvfBh6",1,ktb
คุณได้รับคืนเงินประกันมิเตอร์ไฟฟ้าส่วนภูมิภาค PEA ซึ่งจะคืนตามขนาดของมิเตอร์ที่ใช้ สามารถสอบถามเพิ่มเติมได้ที่ https://bit.ly/44jHSpi,1,pea
คุณได้รับเงินคืนค่าประกันมิเตอร์ไฟฟ้า ตามนโยบายลดค่าไฟของการไฟฟ้าส่วนภูมิถาค PEA สอบถามเจ้าหน้าที่เพิ่มเติม: 1th.me/pea.co,1,pea
แจ้งเตือน กรุณาชำระค่าไฟฟ้าที่ค้างจ่ายในเดือน กันยายน 2566 จำนวน 3 เดือน ติดต่อ PEA ด่วน! www.pea-or.com,1,pea
คุณ ได้รับเงินคืนค่าประกันมิเตอร์ไฟฟ้า ตามนโยบายลดค่าไฟของการไฟฟ้าส่วนภูมิภาค PEA ติดต่อสอบถามเจ้าหน้าที่: www.pea.xa-th.com,1,pea
คุณได้รับคืนเงินประกันมิเตอร์ไฟฟ้าส่วนภูมิภาค PEA ซึ่งจะคืนตามขนาดของมิเตอร์ที่ใช้ สามารถสอบถามเพิ่มเติมได้ที่ https://bit.ly/3JkFXc7,1,pea
คุณ ได้รับเงินคืนค่าประกันมิเตอร์ไฟฟ้า ตามนโยบายลดค่าไฟของการไฟฟ้าส่วนภูมิภาค PEA ติดต่อสอบถามเจ้าหน้าที่: www.pea.so-th.com,1,pea
คุณ ได้รับเงินคืนค่าประกันมิเตอร์ไฟฟ้า ตามนโยบายลดค่าไฟของการไฟฟ้าส่วนภูมิภาค PEA ติดต่อสอบถามเจ้าหน้าที่: www.pea.es-th.com,1,pea
"ซื้อประกันให้พ่อแม่ก่อนจะสายเกินไปคุ้มครองชีวิตสูงสุด 200,000บ. เริ่มต้นเพียงวันละ 6บ. ไม่ต้องตอบคำถามสุขภาพสมัครง่ายเป็นโรคอะไรก็สมัครได้ จาก AIAคลิก! https://ct.elinks.io/axcMwuWJ",0,aia
"ประกันสุขภาพจากAIA เบี้ยฯเริ่มต้น24บ./วัน คุ้มครองค่ารักษาพยาบาลสูงสุด 500,000บ. ครอบคลุมทั้งผู้ป่วยในและผู้ป่วยนอก สมัครง่ายเพียงตอบคำถามสุขภาพ 5 ข้อ สนใจคลิกhttps://ct.elinks.io/6N5-aTV3",0,aia
"บอกรักพ่อแม่ ด้วยการซื้อประกันชีวิตอาวุโสโอเคให้พ่อแม่ คุ้มครองชีวิตสูงสุด 200,000บ. เริ่มต้นเพียงวันละ6บ. ไม่ต้องตรวจสุขภาพ สมัครง่ายเป็นโรคอะไรก็สมัครได้ จากAIAhttps://ct.elinks.io/mjeFT7Ot",0,aia
"เตี๋ยวนี้โรคเยอะ ป่วยบ่อยไม่ไหว! ชื้อนี่ไว้ .. ประกันสุขภาพเหมาจ่ายจากAIAคุ้มครองสูงสุด 500,000บ. เบี้ยเริ่มแค่เดือนละ 575บ. ครอบคลุมทั้งผู้ป่วยนอก-ผู้ป่วยใน คลิก https://ct.elinks.io/SWCb_Bb4",0,aia
"ซื้อประกันชีวิตอาวุโสโอเคให้พ่อแม่คุ้มครองชีวิตสูงสุด 200,000บ. เริ่มต้นเพียงวันละ 6บ. ไม่ต้องตรวจสุขภาพ สมัครง่ายเป็นโรคอะไรก็สมัครได้ จากAIA คลิก! https://ct.elinks.io/mmX204AK",0,aia
"ประกันสุขภาพเหมาจ่าย AIA HealthSaver คุ้มครองสูงสุด 500,000 บ. ค่าเบี้ยเบาๆ เริ่มเตือนละ 575 บ. ไม่ต้องสำรองจ่าย คุ้มกว่าที่เคยเจอ สนใจดูข้อมูล คลิก! https://ct.elinks.io/W4bWAr5d",0,aia
"ประกันสุขภาพจากAIA เบี้ยฯเริ่มต้น24บ./วัน คุ้มครองค่ารักษาพยาบาลสูงสุด 500,000บ. ครอบคลุมทั้งผู้ป่วยในและผู้ป่วยนอก สมัครง่ายเพียงตอบคำถามสุขภาพ 5 ข้อ สนใจคลิกhttps://ct.elinks.io/_U4KlzpJ",0,aia
"อายุเยอะ โรคเยอะ ก็สมัครได้! ประกันชีวิตอาวุโสโอเคจาก AIA สมัครง่าย ไม่ต้องตรวจสุขภาพ คุ้มครองชีวิตสูงสุด200,000บ. เบี้ยเริ่มต้นเพียงวันละ 6บ.คลิกเลย! https://ct.elinks.io/VcvvGjhF",0,aia
"เจ็บป่วย ค่ารักษาพยาบาลแพง เตรียมวางแผน ประกันสุขภาพเหมาจ่ายจาก AIAคุ้มครองสูงสุด 500,000บ. เบี้ยเบาๆ เริ่มเตือนละ 575บ. ไม่ต้องสำรองจ่าย คลิก!https://ct.elinks.io/dW77Qz1J",0,aia
ลูกค้า AIA ต้องใช้แอป AIA+ แอปเดียวจบ ครบทุกบริการจาก AIA โหลดใช้วันนี้ได้ลุ้นรับรางวัลรวม 8 ลบ. รายละเอียดคลิก https://www.aia.co.th/th/health-wellness/aia-plus,0,aia
"พิเศษโปรโมชั่น AIA กันยายนนี้ รับบัตรของขวัญ e-Voucher Lotus's 1,000 บ. เพียงลงทะเบียนผ่านเว็บไซต์และซื้อแบบประกันที่ร่วมรายการ เพิ่มเติม คลิก! https://ct.elinks.io/YObf1Qsg",0,aia
"ป่วยต้องนอนโรงพยาบาล หมดห่วงเรื่องรายได้ รับเงินชดเชยวันละ 9,000บ. หากรักษาตัวใน ICU แถมยังคุ้มครองค่าชดเชย 10 เท่ากรณีเสียชีวิต จากAIA สมัครง่าย ไม่ต้องตรวจสุขภาพ https://ct.elinks.io/Wt6a36CA",0,aia
ของขวัญให้คนพิเศษกับธีมคีย์บอร์ดมือถือลาย Checkered Christmas สุดน่ารัก เฉพาะลูกค้าเอไอเอส โหลดฟรีคลิก! https://m.ais.co.th/PastelSMS,0,ais
FlowAccount โปรแกรมบัญชีออนไลน์ ตัวช่วยนักธุรกิจยุคดิจิทัล ให้ทุกงานบัญชีของคุณเชื่อมกันไว้ในที่เดียว พร้อมหลากหลายฟังก์ชั่นที่ทำให้คุณบริหารจัดการธุรกิจได้อย่างราบรื่น สิทธิพิเศษสำหรับลูกค้า AIS สมัครวันนี้ ใช้งานฟรี 60 วัน สมัคร กด *538*549# เพิ่มเติมคลิก https://m.ais.co.th/flowaccmms,0,ais
เน็ตไม่อั้น เร็ว 4Mbps นาน 24ชม. เพียง 37บ. พร้อมร้องคาราโอเกะเพลงฮิตไม่อั้น ผ่านแอป AIS Karaoke สมัครกด *357*504#,0,ais
รับชม VIU Premium หนังและซีรีส์เกาหลี ฟรีจากแพ็กเกจ PLAY PREMIUM PLUS ได้ตั้งแต่วันที่ 09/09/2023 09:31 ยืนยันรับสิทธิ์ VIU PREMIUM คลิก http://m.ais.co.th/viuottais และทำตามขั้นตอน,0,ais
คุณได้ 25 คะแนนจากการชำระบิล คุณมี 263 คะแนน@19/02/24 เช็กที่ http://m.ais.co.th/zGH6WKzUZ,0,ais
AIS eBill บริการแจ้งยอดชำระ เดือน ก.พ. ยอด 640.93 บ.กำหนดชำระ 17/03/67 เช็กยอดค้างล่าสุด*121*3#ฟรี ขออภัยหากชำระแล้ว บิลของคุณจัดส่งไปที่อีเมล์แล้ว หรือเปิดดูบิลทันทีโดยใช้รหัสเปิดไฟล์คือ วันเดือนปีเกิดของผู้จดทะเบียน(เช่น 5ก.ค.2528 ใส่รหัส 05072528) ที่ https://myais.ais.co.th/e/3G+MtH1gCNWRp4aAZ9TqcA==,0,ais
"แพ็กเกจ PLAY PREMIUM PLUS บนแอป AIS PLAY จะมีการปรับเปลี่ยนช่อง โดย EDGE Sport, Aniplus และ BBC lifestyle จะยุติให้บริการเริ่มตั้งแต่ 1 ก.ย. 66 เป็นต้นไป ท่านสามารถรับชมรายการความบันเทิงอื่นๆอีกมากมายได้ตามปกติทาง AIS PLAY เพิ่มเติม m.ais.co.th/PPP_content เช็ก/เปลี่ยนแพ็ก m.ais.co.th/6yHweKdh8",0,ais
"แจกแรง ลุ้นจัดเต็ม! เพิ่มคะแนนให้ลูกค้าเอไอเอสลุ้นง่ายๆ ไม่ว่าจะใช้เอไอเอส พอยท์แค่ 5 คะแนน บางจาก 40 คะแนน ซิตี้ รีวอร์ด 50 คะแนน หรือ K Point 50 คะแนนก็ลุ้นได้! แจกแรง ลุ้นรับจัดเต็ม! OPPO Reno8T 5G 256GB มูลค่า 14,990 บาท จำนวน 50 รางวัล รวมมูลค่า 749,500 บาท แลกสิทธิ์ได้ที่ https://m.ais.co.th/EKH8ObRIy หรือ กด *550*4#โทรออก ฟรี!ยิ่งกดแลกมาก ยิ่งมีสิทธิ์มาก ตั้งแต่วันที่ 1 เม.ย. 66 – 30 เม.ย. 66",0,ais
ตามที่คุณได้รับสิทธิ์เซเรเนด เพื่อไม่ให้พลาดสิทธิพิเศษที่คัดสรรเพื่อคุณ อย่าลืมเปิดอ่านที่ https://m.ais.co.th/GN8,0,ais
รีบเลขก่อน 29 กพ.นี้! เน็ตบ้านสปีดแรงราคาสุดคุ้มเพียง 699บ./ต. พร้อมรับชมพร้อมคอนเทนต์จุใจ ลูกค้าเซเรเนดสมัครแล้วรวมยอด เพื่ออัปเกรดเป็นสิทธิ์เซเรเนตที่สูงขึ้นได้ สมัครคลิก https://m.ais.co.th/3BBSRN,0,ais
เหมาโทรสุดคุ้มวันนี้! AIS ให้คุณโทรทุกเครือข่ายฟรี 60 นาที นาน 5วัน แค่39บ. สมัครกด *777*421#,0,ais
ขอบคุณที่ชำระค่าบริการ AIS รายเดือน หมายเลข 0819936455จำนวน 725.93 บาท ดู eReceipt ใบเสร็จรับเงิน/ใบกำกับภาษีออนไลน์ของคุณได้ทันทีที่ https://myais.ais.co.th/eReceipt/TugqaDo3AHhdnEXUg+vl7tXIWMu808per6RJHonS1bl=,0,ais
myAIS รหัส OTP 1107 อย่าบอกใคร ระวังมิจฉาชีพหลอกถาม! AISจะไม่ขอรหัสคุณ,0,ais
ร่วมโหวต ร่วมเชียร์ ทีมที่ชื่นชอบในการแข่งขัน Overwatch2 ลุ้นรับเก้าอี้ Secretlab & item game มากมาย เพียงพิมพ์รหัสทีมที่ชื่นชอบ และส่ง SMS ไปที่เบอร์ 4899006 ค่าบริการครั้งละ 6 บาท เพิ่มเติม http://m.ais.co.th/OWMMS,0,ais
ลูกค้าAIS รับสิทธิ์ใช้งาน Apple iCloud ความจุ 50GB ใช้ฟรีทันทีนาน 3เดือน! ให้คุณเก็บข้อมูลสำคัญ รูปภาพ วิดีโอ ได้จุใจและสะดวกยิ่งขึ้น (จากนั้นค่าบริการ35บ/เดือน) กดรับสิทธิ์ คลิก http://m.ais.co.th/ics (จำกัด1เบอร์/1Apple ID/1สิทธิ์),0,ais
"โหลดฟรี! เพลงรอสายฮิต ศิลปินสุดฮอต Chemical-Post Malone, ไหนบอกเลิกแล้ว-Three Man Down, Touch My Body-เป๊ก ผลิตโชค พิเศษ!ใช้ฟรี 1ด. คลิก https://m.ais.co.th/ApHdgQnf8",0,ais
"โปรใหม่ สุดคุ้ม
ต่อที่ 1 รับ AIS Points สูงสุด 200 คะแนน
ต่อที่ 2 รับ ส่วนลด Shopee 300 บาท
เมื่อสมัครและช้อปออนไลน์ ด้วยบัตรบีเฟิสต์ ดิจิทัล เอไอเอส พอยท์ ตั้งแต่วันที่ 15 ส.ค. 66 ถึง 31 ต.ค. 66
สมัครบัตรฟรี รายละเอียดเพิ่มเติม คลิก https://m.ais.co.th/wxHA4djf1?ref_code=1-1FX4HS6G
ยกเลิก SMS กด *673#",0,ais
ลดหนักกลางปี!! ลูกค้า AIS รับส่วนลดสูงสุด 400 บาทที่แอป myAIS คลิกเลย!! https://m.ais.co.th/xxHabvzC2,0,ais
ไม่รีบก็อดคุ้ม สมัครเพิ่มเลย! แพ็กเกจ Disney+ Hotstar รายปีเพียง 499 บาท ใช้งานได้อีก 1 ปีเต็มตั้งแต่วันที่สมัคร กด *112 โทรออก หรือคลิก https://m.ais.co.th/DYSMS สมัครได้ถึง 29 มิ.ย. 66 เท่านั้น,0,ais
พิเศษ!เฉพาะลูกค้า AIS สมัครแพ็กเกจ YouTube Premium เพียง 139 บาท/เดือน (3เดือนแรก) เดือนถัดไป 159 บาท/เดือน เช็คสิทธิ์กด https://m.ais.co.th/YTP,0,ais
"ฮิตมาแรง! รักไปแล้วแบงค์-โมเดิร์น F FIN,หัวใจปลาดาว-Bonnadol สมัครเพลงรอสายใช้ฟรี1ด. โทร.*789*2# คลิก https://m.ais.co.th/BBH30p4H8",0,ais
คุณสามารถเปลี่ยนมาใช้ eSIM ง่ายๆ ทำได้ด้วยตัวเอง ไม่ว่าจะเปลี่ยนซิมการ์ดเป็น eSIM ในเครื่องเดิม หรือโอนย้าย ซิมการ์ด หรือeSIM จากเครื่องเดิม ไปเครื่องใหม่ เพิ่มเติมคลิก https://m.ais.co.th/RbHb11zhE,0,ais
พบกับของขวัญและส่วนลดสูงสุด 20%ที่อีเว้นท์ SK-Il x Maison Kitsune ได้แล้วตั้งแต่ วันที่ 23 พ.ย. - 29 พ.ย.2566 ณ ห้างสรรพสินค้าเซนทรัลลาดพร้าว,0,ais
พิเศษ! ลูกค้าเอไอเอสรับสิทธิ์ทดลองใช้LINE Stickers Premium ฟรี 30 วัน! หลังจากนั้นค่าบริการเตือนละ 69 บาท(รวมVAT) เลือกใช้สติกเกอร์ได้แบบไม่อั้นกว่า 9 ล้านชุด สมัครบริการจ่ายสะดวกผ่านเบอร์ AIS คลิก! https://m.ais.co.th/LINEPremium_mms23,0,ais
"ขอบคุณที่ชำระค่าบริการ AIS ราเตือนหมายเลข 0957199604 จำนวน 2,335.49บาท",0,ais
"ตอบโจทย์มือถือใหม่! iPhone 15 Plus256GB @30,500บ.+แพ็ก 5G HD MaxSpeed 1199บ @AIS Shop และตัวแทนจำหน่าย รุ่นอื่นคลิก https://m.ais.co.th/8yHbdrwSO ถึง10เมย.67 *ราคาอาจเปลี่ยนแปลงเช็กจุดขาย",0,ais
"ติ่งซีรีส์จีนชม iQIYI VIP และPLAYFAMILYพร้อมเน็ต10GBสำหรับแอป iQIYI,AIS PLAY เตือนละ119บ.กด*777*9293# หรือคลิก m.ais.co.th/WxHxAnruB",0,ais
"ซื้อ iPhone 15 ทุกรุ่นกับ AIS เริ่มต้นเพียง548 บาทต่อเตือนเท่านั้น พิเศษ! รับฟรีPower Adapter มูลค่า 790 บาท สิทธิพิเศษนี้สำหรับลูกค้าเปิดเบอร์ใหม่, ย้ายค่ายหมายเลขเดิม และลูกค้ารายเดือนปัจจุบัน ภายในวันที่ 31 มี.ค. 2567 ที่ AIS/Telewiz และ ร้านค้าตัวแทนจำหน่ายที่ร่วมรายการ",0,ais
"เพลงรอสายฮิต โหลดฟรี! จดจำ-OnlyMonday,Cruel Summer-TaylorSwift,จดจำ-Only Monday,ขอไครสักคน-NUM KALA, Higher Power-Coldplayพิเศษ!ใช้ฟรี 1 เดือน คลีก https://m.ais.co.th/ApHdgQnf8",0,ais
5G GAME Mode เน็ต 5GB เล่น 12แอปเกมฮิต 49บ.ไช้ได้ 3ชม.เฉพาะพื้นที่ 5Gสมัครผ่านเมนู myNetwork คลิก https://m.ais.co.th/5Ggamemodesms,0,ais
แพ็กเกจ Viu Premium รายเตือนสุดคุ้ม149 บาท สมัครกด *686*6# โทรออก หรือคลิก https://m.ais.co.th/viumspre,0,ais
"ขอบคุณที่ชำระค่าบริการ AIS Fibre เลขที่8802146341 จำนวน 1,170.3 บาท",0,ais
Smart-AI เริ่มต้น 799บาท/เดือน สมัครแล้วรวมยอดเพื่ออัปเกรดเป็นสิทธิ์เซเรเนตที่สูงขึ้นได้ สมัครคลิก https://m.ais.co.th/GAMESRN,0,ais
AISต้อนรับ คุณจันทนิภา เป็นลูกค้าเซเรเนตโกลต์ ตั้งแต่ 01/02/67-31/01/68 เปิดอ่านความพิเศษเฉพาะคุณที่ https://m.ais.co.th/GN1,0,ais
"AlS eBill บริการแจ้งยอดชำระ เดือน มี.ค.เบอร์ 0985415162 ยอด 1,450.93บ.กำหนดชำระ 15/04/67 เซ็กยอดค้างล่าสุด*121*3#ฟรี ขออภัยหากชำระแล้ว บิลของคุณจัดส่งไปที่อีเมล์แล้ว หรือเปิดดูบิลทันทีโดยใช้รหัสเปิดไฟล์คือ วันเดือนปีเกิดของผู้จดทะเบียน(เช่น 5ก.ค.2528 ไส่รหัส05072528) ที่ https://myais.ais.co.th/e/rady+ae2ni+jNCkRqpJ6pQ ==",0,ais
จะมีการเรียกเก็บเงินจำนวน79.00บ.สำหรับการซื้อสินค้าและบริการจาก Apple เลขที่อ้างอึง AppleMV2M5G5796 เรียนรู้เพิ่มเติมได้ที่apple.com/bill,0,apple
99.00บ.สำหรับการชือสินค้าและบริการจาก Apple เลขที่อ้างอิง AppleMV2M5BTDFS เรียนรู้เพิ่มเติมได้ที่apple.com/bill,0,apple
Flash จัดส่งสำเร็จ รายละเอียดhttps://fle.pub/MKSlze,0,flash
Flash ได้จัดส่งสำเร็จ รายละเอียด:https://fle.pub/S68lyl,0,flash
"คุณได้รับวงเงินเพิ่มแล้ว!! แฟลชเซลแบรนด์ดังลดสูงสุด 90%,วงเงินพิเศษจะหมดอายุในวันที่ 21 พ.ย. ，ช้อปเลย! https://m.thisshop.com",0,flash
ธนาคารกสิกรไทยยกเลิกส่ง sms แนบลิงก์ให้ลูกค้าแล้ว ระวัง! อย่ากดลิงก์ที่มิจฉาชีพส่งแทรกเข้ากล่องข้อความsms เดียวกันกับของธนาคาร,0,kbank
"เลือกรับของสมนาคุณโดนใจ 1 รายการ E-coupon Lazada 1,000 บ.หรือหูฟังOPPO ENCO Air2i มูลค่า 1,700 บ.หรือกระเป๋าล้อลากขนาด 20 นิ้วมูลค่า 4,690 บ.เพียงสะสมยอดใช้จ่ายตามเงื่อนไข บัตรของท่านอนุมัติ 20 ธ.ค. 66 เปิดใช้งานบัตรและลงทะเบียนก่อนทำรายการผ่านแอป UCHOOSE (ยกเลิกข้อความโทร023456789)",0,lazada
ดีแทคห่วงใยนักช้อป ช้อปปิ้งออนไลน์แบบไร้กังวล ซื้อของไม่ใด้ของก็เคลมได้ ลดพิเศษถึง10% ใส่โค้ด Cyber ที่ดีชัวรันส์https://www.dtac.co.th/s/PQi6TCO,0,line
คะแนนของคุณ หมดอายุหรือยัง? เช็กวันหมดอายุและคะแนนคงเหลือด้วยตนเองง่ายๆ ได้ที่ Line@boonthavorn,0,line
มีไข้ ไอ เจ็บคอ มีอาการเสี่ยง หรือกังวลโรคร้ายแรง ปรึกษาแพทย์ออนไลน์ได้ง่ายๆผ่านแอปฯ หมอดี เคลมประก้นได้ ไม่ต้องสำรองจ่าย ส่งยาถึงบ้าน คลิก https://ct.elinks.io/0f5RyPX4,0,line
"แจก iPhone14 และอื่นๆ รวมมูลค่ากว่า 50,000฿ มีโอกาสรับง่ายๆ เพียงพบหมอและสั่งยาผ่านแอปฯ หมอดี วันนี้ - 30 ก.ย.66 สอบถาม Line @mordeeapp คลิก https://ct.elinks.io/iBAgxdt5",0,line
พรุ่งนี้วันสุดท้าย ก่อนคะแนนหมดอายุ!เช็กวันหมดอายุและคะแนนคงเหลือด้วยตนเองง่ายๆ ได้ที่ Line@boonthavorn,0,line
สิทธิพิเศษสำหรับลูกค้า ONESIAM SUPERAPP จะได้รับฟรี ตั๋วชมภาพยนตร์ 2 ใบ เมื่อช้อปในศูนย์การค้า หรือทางออนไลน์ ขั้นต่ำ 500 บาท รับสิทธิ์ได้ตั้งแต่ 1 มิ.ย. 66 - 16 มิ.ย. 66 เพิ่มเติมคลิก https://superapp.onesiam.com/PZZH/GiveawayMovieticket,0,line
มีผู้เข้าสู่ระบบธนาคารของคุณจากอุปกรณ์อื่น หากไม่ได้ดำเนินการด้วยตนเอง โปรดติดต่อทันที kasikorn.go-line.cc,0,line
ลูกค้าดีแทคฟินต่อ! ซื้อ LINE Sticker/Melody/Emoji บน LINESTORE แล้วจ่ายผ่านเบอร์ dtac รับเงินคืนสูงสุด 40บ. กด *104*383# โทรออกก่อนซื้อตั้งแต่วันนี้ถึง 31 ก.ค.66 ช้อปเลย https://lin.ee/JdyQ5sn/sknj/dtac,0,line
สุขสันต์วันเกิดจาก IKEA Family! รับคะแนนโบนัส 3 เท่าของยอดใบเสร็จแรกในเดือนเกิด (รวมยอดซื้ออาหารและเครื่องดื่ม) ทั้งในสโตร์และออนไลน์ที่ https://bit.ly/3TQQ9ML หมดเขต 30 ก.ย. 66,0,line
มาก่อน ได้ก่อน! ซัมเมอร์นี้ต้องมีแพลนช้อป! เพียงใช้ทรูพอยท์ แลกส่วนลดทันที30บ. ที่แม็คโคร 15-30มี.ย.67 คลิกเลยhttps://bit.ly/3TcEBnF,0,TRUE
อร่อยจุใจ ต้องไปยกแกงค์ !! อิ่มคุ้มกับส่วนลดร้านดัง !! ลูกค้าทรู รับส่วนลดสูงสุด 50% 1มี.ค.67-31ส.ค.67 คลิกเลยที่ https://bit.ly/49Gur5F,0,TRUE
ลดเลยทางนี้! ใช้แค่ 49ทรูพอยท์ แลกคูปองเงินสด 5บ. ใช้@7-11/7Deliveryไม่มีใครคุ้มเท่าเธอแล้วค่ะ24มีค67-23เมย67 https://bit.ly/3TjDlt9,0,TRUE
ลูกค้าเน็ตบ้านทรู รับฟรี! ประกันที่อยู่อาศัย คุ้มครองนาน 24 ด. เมื่อสมัครบริการเสริมกล้องวงจรปิดอัจฉริยะพร้อมบริการคลาวค์ 120 บาท คลิกhttps://iservice.page.link/PR2t,0,TRUE
วิธีจองคิว จดทะเบียนสมรส ออนไลน์! รับวันวาเลนไทน์ 2566 อ่านเพิ่มเติมที่ทรูไอดี คลิก http://bit.ly/3Y5yVNb,0,TRUE
ปีนี้ก็ยังแจกต่อ แจกฟรี SamsungGalaxy Z Flip5 เฉพาะ 6 ม.ค. 67 เล่นฟรีที่ทรูไอดี คลิก! https://bit.ly/3RstaZu,0,TRUE
เล่นเน็ต ดูหนัง ซีรีส์เพลินได้ทั้งวัน ใช้เพียง 29 ทรูพอยท์ แลกเน็ตไม่อั้น1Mbps 24 ชม. วันที่ 1 มี.ค. 67 - 31มี.ค. 67 ที่ทรูไอดีคลิกเลย! https://bit.ly/3TGYGnR,0,TRUE
"รับฟรี! ประกันอุบัติเหตุ AIA จาก Aliveสูงสุด 100,000บาท สิทธิพิเศษลูกค้าทรู ด่วนจำนวนจำกัด รับสิทธิ์ คลิก!https://ct.elinks.io/jB_XZx0g",0,TRUE
ลดจัดหนักสุขจัดเต็ม ใช้ทรูพอยท์เดียวแลกซื้อโบโลน่าพริกแค่35 .- ปกติ55 .-และสินค้าลดอีกมาก @โลตัส29เมย64-19พค64 https://bit.ly/3hhixxx,0,TRUE
แจกโชคใหญ่ปลายปี ฟรี! SamsungGalaxy S23 FE สเปคเดียวกับเรือธงเฉพาะ 10 ธ.ค. 66 เล่นฟรีที่ทรูไอดี คลิกเลย https://bit.ly/47GadbG,0,TRUE
ฟินนี้ฟรี! เลือก 1 อร่อยที่ PotatoCorner / Dakasi / PAULแค่มี 119 ทรูพอยท์ เฉพาะศุกร์-อาทิตย์ (1 - 31 ธ.ค.66) คลิก https://bit.ly/46zyAGE,0,TRUE
เลือกของขวัญสุดเซอร์ไพรส์ เพียง 1 ทรูพอยท์ แลก-เพิ่มเน็ต เล่นเกม-โทร สุดคุ้ม เริ่ม 6 พ.ย. 66 - 10 พ.ย. 66 ที่ทรูไอดี คลิก https://bit.ly/47dhZsL,0,TRUE
แจกจุใจ ของขวัญปลายปี แจกทั้งทองทั้งมือถือ 7ล้านทรูพอยท์ ของรางวัลเพียบ เล่นได้ทุกวัน 10 ต.ค. 66 - 7 ม.ค.67 ที่ทรูไอดี เล่นฟรี! https://bit.ly/46FNxXI,0,TRUE
แจกมือถือ รับปีใหม่ ฟรี! SamsungGalaxy Z Flip5 เฉพาะ 31 ธ.ค.66 เล่นฟรีที่ทรูไอดี คลิกเลย https://bit.ly/4771L4c,0,TRUE
แจกจุใจปลายปี ที่เกมหมุนวงล้อ ทั้งทองมือถือ 7ล้านทรูพอยท์ และอื่นๆ เพียบเล่นไต้ทุกวัน 10 ต.ค. 66 - 7 ม.ค. 67 ที่ทรูไอดี เล่นฟรี! https://bit.ly/3RfuNZa,0,TRUE
แจกต่อเนื่อง ไม่มีพัก ฟรี! SamsungGalaxy Z Flip 5 เฉพาะ 20 ม.ค. 67เล่นฟรีที่ทรูไอดี คลึก! https://ttid.co/In4U/9cz74if0,0,TRUE
แจกจุใจ ของขวัญปีใหม่ ฟรี SamsungGalaxy S23 Ultra เฉพาะ 14 ม.ค. 67เล่นฟรีที่ทรูไอดี คลิก! https://bit.ly/47GadbG,0,TRUE
ใช้ทรูพอยท์เลือกรับฟรี! ที่ D'oro หรือS&P แซนด์วิชแสนอร่อย หรือเครื่องดื่มสุดสดชื่น ก็แลกแค่ 129 ทรูพอยท์ ตั้งแต่5 - 28 ม.ค. 67 ที่ทรูไอดี คลิก https://ttid.co/ln4U/kuuo2100,0,TRUE
แจกจุใจ ส่งท้ายเดือน ฟรี! SamsungGalaxy Z Flip5 เฉพาะ 27 ม.ค. 67 เล่นฟรีที่แอปทรูไอดี คลิก! https://ttid.co/In4U/fzf08awu,0,TRUE
"""หมุนปั๊บ รับเฮง"" เฮงไม่หยุดยั้ง ปังรับปีมังกร คว้าทอง, สมาร์ทโฟน หรือคว้าทรูพอยท์มาครอบครองให้ยิ่งเฮงเฮง เฮง ที่ทรูไอดี คลิกเลย https://ttid.co/ln4U/kas32ggq",0,TRUE
แจกอั่งเปารวม 9 ล้านทรูพอยท์ สุขมั่งคั่งแจกจัดเต็มตลอดทั้งเดือน รับฟรี อั่งเปา10 ทรูพอยท์ ตั้งแต่ 7 ก.พ. 67 - 29ก.พ. 67 คลิกรับสิทธิ์ที่ทรูไอดี https://ttid.co/ln4U/q56axaq3,0,TRUE
เสาร์นี้ เฉพาะ 10 ก.พ.67 ห้ามพลาดFree Gifts แจกทอง 1 กรัมรับตรุษจีนเล่นฟรี!ที่ทรูไอดี คลิกเลย https://ttid.co/ln4U/9q9oc6hb,0,TRUE
"""หมุนปั๊บ รับเฮง"" เฮงไม่หยุดยั้ง ปังรับปีมังกร คว้าทอง, สมาร์ทโฟน หรือคว้าทรูพอยท์มาครอบครองให้ยิ่งเฮงเฮง เฮง ที่ทรูไอดี คลิกเลย https://ttid.co/ln4U/639mb3sh",0,TRUE
ดีลรับร้อน สปาร์กสุขทุกโมเมนต์ รับฟรีทรูพอยท์ ดีลพิเศษ 1 แถม 1 แจกเน็ตฉ่ำๆ และเล่นสนุก ล่าโชคทอง ตลอดซัมเมอร์ ตั้งแต่ 1 - 31 มี.ค. 67 ที่ทรูไอดีคลิกเลย https://ttid.co/In4U/xxaOylmp,0,TRUE
ลูกค้าทรูไอดี รับชมซีรีส์จีน 'เล่ห์รักวังคุนหนิง' พร้อมซับ-พากย์ไทย ครบทุกตอนที่ทรูไอดี คลิก https://ttid.co/Kupk/hOy1ykib,0,TRUE
ฉลองเดือนแห่งความรัก! แจกมือถือNew Galaxy S24 Ultra ทุกวันอาทิตย์แจกทอง ทุกจันทร์-เสาร์ ต้งแต่ 1 ก.พ.67 - 29 ก.พ. 67 เล่นฟรีทุกวันที่ทรูไอดีคลิก https://ttid.co/In4U/3akjj7xu,0,TRUE
"ลุ้นรวยทองลายมังกร 5 บาท เริ่ม 9 ทรูพอยท์ แลกได้ไม่อั้น ยิ่งส่งมาก ยิ่งมีสิทธิ์มาก ทองแท่งมูลค่ากว่า 171,107บาท อาจเป็นของคุณ! (ตั้งแต่ 15 มี.ค.67 ถึง 15 พ.ค. 67) เล่นเลยที่ทรูไอดีคลิก https:/ttid.co/In4U/7kk9e13i",0,TRUE
เซียร์บอล EPL สุดมันส์ได้ทรูพอยท์ได้ง่ายๆ เพียงเชียร์ทีมที่ชอบคว้าชัยรับฟรี10 ทรูพอยท์ เริ่ม 8 ม.ค. 67 - 31 มี.ค.67 ที่ทรูไอดี คลิก https:/bit.ly/436FP8Q,0,TRUE
วันเสาร์แจกทอง ฟรี !! แจกทอง ทุกจันทร์-เสาร์ แจกมือถือ และ NewGalaxy S24 Ultra ทุกวันอาทิตย์ ตลอดเดือนมีนาคม 67 เล่นฟรีทุกวัน ที่ทรูไอดีคลิก https://ttid.co/In4U/18md32x4,0,TRUE
สายความเร็วห้ามพลาด! F1 JapaneseGrand Prix 2024 ตั้งแต่ 5-7 เม.ย. 67เพียงสมัคร TVS Now Standard แล้วดูเลขทางช่อง belN SPORTS 1 ที่ทรูไอดีคลีก https://bit.ly/3vyJLCR,0,TRUE
เชียร์ติดขอบสนามกับ F1 AustralianGrand Prix 2024 ตั้งแต่ 22-24 มี.ค.67 เพียงสมัคร TVS Now Standardแล้วดูเลยทางช่อง belN SPORTS 1ที่ทรูไอตี คลิก https://bit.ly/3vb6IRW,0,TRUE
รับเงินคืนทันที 20 บ. เพิ่มความปังจ่ายบิลทรูผ่านทรูมันนี่ รับเงินคืนทันทีคลิกจ่ายเลย,0,TRUE
ทรูโบนัสส่งความสุข! แลก เน็ต โทร SMS WiFi ทรูวิชั่นส์ ฟรี! รับสิทธิ์ได้ทุกเดือน 1ม.ค.67-31ธ.ค.67 กด*878*2# หรือ https://bit.ly/3pLPA6W,0,TRUE
สายความเร็วห้ามพลาด! F1 Japanese Grand Prix 2024 ตั้งแต่ 5-7 เม.ย. 67 เพียงสมัคร TVS Now Standard แล้วดูเลยทางช่อง beIN SPORTS 1 ที่ทรูไอดี คลิก https://bit.ly/3vyJLCR,0,TRUE
แจกฟรี 5 ทรูพอยท์ เอาใจสายบันเทิง! รับสูงสุด 10 ทรูพอยท์/เดือน เมื่อรับชมหนัง ซีรีส์ อนิเมะ และ LiveTV ในหมวด “Watch & Earn” ตั้งแต่ 15 มี.ค. 67 - 30 มิ.ย. 67 ที่แอปทรูไอดี คลิก https://ttid.co/ln4U/d1ybi3pi,0,TRUE
"มีทองรอให้ลุ้น! เริ่ม 9 ทรูพอยท์ แลกสิทธิ์ลุ้นมังกรทองคำ หนัก 5 บาท มูลค่า 171,107 บาท (15 มี.ค. 67 -15 พ.ค. 67) เล่นเลยที่ทรูไอดี คลิก https://ttid.co/ln4U/uioveujl",0,TRUE
เป็นเศรษฐีใหม่ได้ปีนี้! ลุ้นรถ Tesla ทองคำ มือถือ และรางวัลอีกมากมาย เริ่ม 1 ทรูพอยท์ ตั้งแต่ 1พ.ย.66-31ธ.ค.66 ที่ทรูไอดี แลกเลย https://bit.ly/478GUh4,0,TRUE
แจกทองเป็นกอง มีทองแจกทุกวันจันทร์-เสาร์ ตลอดเดือนพฤศจิกายน 2566 เล่นฟรีทุกวัน ตั้งแต่ 1-30 พ.ย. 66 ที่ทรูไอดีคลิกเลย https://bit.ly/45Sql8h,0,TRUE
คุ้มสุด จ่ายบิลทรูวันนี้ รับทันทีทรูพอยท์ X2 เพียงจ่ายบิล 100 บ. ขึ้นไป ผ่านแอปทรูมันนี่ จ่ายเลย,0,TRUE
ฟินทุกวัน แจกทองจันทร์-เสาร์ เล่นฟรีทุกวันที่ Free Gifts ตั้งแต่ 1-30 พ.ย.66 ที่ทรูไอดีเล่นเลย https://bit.ly/3QIElgk,0,TRUE
"ทรูมูฟเอช หมายเลข / รหัสลูกค้า 0642266391 มียอดที่ต้องชำระทั้งหมด 597.70 บ.กรุณาชำระค่าบริการเพื่อการใช้งานที่ต่อเนื่อง คลิก iservice.page.link/collchk หรือบอกเบอร์ที่ 7-Eleven ขออภัยหากชำระแล้ว สะดวกสบายง่ายกว่าเพียงสมัครหักชำระอัตโนมัติรับส่วนลด 2%พร้อมเน็ตฟรี 6GB (1GB/เดือน นาน6เดือน) สนใจสมัครติดต่อธนาคารเจ้าของบัตร, ทรูช็อปหรือโทร 1242",0,TRUE
"หมุนวงล้อฟรี มีรางวัล! เล่นได้ทุกวัน แจกหนักกว่าเติม ทองคำ, ทรูพอยท์, โทรศัพท์มือถือรุ่นตัง, เงินเข้าทรูมันนี่ และอื่นๆ เล่นเลย https://bit.ly/3DPybUg",0,TRUE
เปย์เดย์ เปย์ ให้คุ้ม เตรียมตัวให้พร้อมเงินเดือนออกแล้วช้อปเลย โค้ดส่วนลดสูงสุด 80% พร้อมโค้ดส่งฟรี ตั้งแต่ 21 ส.ค.66 - 4 ก.ย.66 ไปช้อปกันที่ทรูไอดี คลิก https://bit.ly/3E23EDM,0,TRUE
แจกฟรีมือถือจอพับรุ่นใหม่ !!! SAMSUNG Galaxy Z Flip5 แจกฟริเฉพาะ 27 ส.ค.66 เล่นฟรีทุกวันที่ทรูไอดี คลิกเลย https://bit.ly/449K2HD,0,TRUE
"รับเน็ตฟรี 3GB ใช้ได้ 3 วัน เมื่อชำระค่าบริการหมายเลข 0642266391 จำนวน 720.9 บาท ภายในวันที่ 12/06/2566 ผ่านทรูไอเซอร์วิส, 7-ELEVEN, Mobile Banking หรือเลือกจ่ายด้วยทรูมันนี่วอลเล็ท ฟรีค่าธรรมเนียม คลิกเพื่อจ่าย https://bit.ly/isrv-ivrbfduepayment ขออภัยหากชำระแล้ว",0,TRUE
FLASH DEAL 4 วันสุดท้าย! แลกง่าย ได้เงินทันที แลก 2 ทรูพอยท์ = 2 บาท เข้าทรูมันนี่วอลเล็ท 14 ส.ค. 66 - 31 ส.ค. 66 ที่ทรูไอดีแลกเลย https://bit.ly/45tzleG,0,TRUE
จ่ายบิลทรูมูฟเอช ได้ง่ายและสะดวกกว่าผ่านแอปทรูมันนี่ วอลเล็ท ฟรี!ค่าธรรมเนียม คลิก https://iservice.page.link/collchk,0,TRUE
รีบเลย❗️ อัพสปีดสุดคุ้ม 🤩 เริ่มต้น3บ. เพียงซื้อแพ็ก 22บ แพ็กเกจ1วัน ไม่อั้นไม่ลดสปีด ที่แอปทรูมันนี่👉🏻 tmn.app.link/C263,0,TRUE
พิเศษสำหรับลูกค้าทรูออนไลน์ ให้เราดูแลบ้านคุณ ด้วยกล้องวงจรปิดอัจฉริยะ เพียงเดือนละ 99 บาท นาน 18 เดือน คลิกเลย bit.ly/3JU95XW หรือสอบถามรายละเอียดเพิ่มเติมที่ ทรูช็อปทุกสาขา,0,TRUE
มีทรูพอยท์แล้วอุ่นใจ จ่ายบิลทรูลดสูงสุด 100.- พิเศษเฉพาะคุณ เริ่มเพียง 100 ทรูพอยท์ 1 สิทธิ/เดือน 15 ธ.ค.65-31 มี.ค.66 คลิก https://bit.ly/3iVKUOq,0,TRUE
"มีทองรอให้ลุ้น! เริ่ม 9 ทรูพอยท์ แลกสิทธิ์ลุ้นมังกรทองคำ หนัก 5 บาท มูลค่า 171,107 บาท 15มีค67-15พค67 https://ttid.co/OiLl/hp2403",0,TRUE
"ชอบร้านไหน ก็คุ้มเวอร์! ลูกค้าทรูซื้อแพ็กเน็ต 10GB 200บ. รับคูปองแทนเงินสด 200บ. ใช้ที่ The Pizza Company, Bonchon, Swensen's, Dairy Queen, Burger King, Sizzler 7ธค65-31ธค66 https://bit.ly/3PjBwlP",0,TRUE
ต้อนรับเปิดเทอมกับโครงการสุนทรียแห่งศิลปศาสตร์ (Art AesThetic) ขอเชิญเข้ารับชมนิทรรศการและพิธีเปิดโครงการจากศิลปิน yes indeed band ณ ลานกิจกรรม และห้องทรูแล็ป วันที่ 27 มิ.ย. 65 เวลา 17.00 น. เป็นต้นไป,0,TRUE
แนะนำสิทธิพิเศษเดือนกันยายน 2566 สำหรับลูกค้าทรูบลู คลิก https://ttid.co/OiLl/rbl,0,TRUE
ลดแรง!! คูปองทรูคอฟฟี่ เพียง 91 บาท (ปกติ 115 บาท) สำหรับเครื่องดื่มขนาดปกติ Iced Latte / Iced Chocolate Classique กดซื้อที่ *900*7808#โทรออก หรือ https://www.dtac.co.th/s/6fTpxQI,0,TRUE
โอกาสพิเศษ! สำหรับลูกค้าดีแทค มอบส่วนลด 200 บาททุกเดือน เมื่อสมัครโปรเน็ตบ้านไฟเบอร์ทรู 1 กิกะบิต แถม เมชไวไฟและกล้อง CCTV ดูฟรีบอลพรีเมียร์ลีก สนใจคลิก https://dtac.co.th/s/FMCTOL โทร 027008080,0,TRUE
กินแมคโดนัลด์ เหมือนได้ฟรี!เน็ตเต็มสปีด 10GB ใช้นาน 30วัน! เพียงเติมเน็ต 10GB ราคา200บ รับคืนเต็มๆ!คูปองแมคโดนัลด์ 200บ เหมือนได้เน็ตฟรี คลิก bit.ly/3xopk95 หรือกด *900*7452#โทรออก (ต่ออายุอัตโนมัติ ยกเลิกได้มีผลรอบบิลถัดไป) หลังซื้อรอSMS เพื่อกดรับคูปอง และคูปองถูกเก็บที่แอพทรูไอดี หน้าคูปองของฉัน,0,TRUE
วงล้อรับโชค! แจกกระหน่ำ มือถือSamsung และ 5 ล้านทรูพอยท์ ทรูมันนี่รวมมูลค่ากว่า10 ล้านบาท 11 ก.ค.66 - 30 ก.ย.66 เล่นฟรีที่ทรูไอดี คลิก https://bit.ly/3DZhaqx,0,TRUE
ทรูพอยท์แลกลุ้นรวย แจกใหญ่ทอง 5 บาท เริ่ม 9 ทรูพอยท์ แลกลุ้นได้ไม่จำกัด ยิ่งส่งมากยิ่งมีสิทธิ์มาก 17 ก.ค.66 - 17 ก.ย.66 ที่ทรูไอดีคลิก https://bit.ly/30oKc8k,0,TRUE
3 ค่ายไรเตอร์รวมพลังกู้ภัยหิว Line Man-GrabFood-Robinhood ใช้ 99 ทรูพอยท์ลด 40 บ. อิ่มคุ้มฟินทุกปลายสัปดาห์ ศ-อา ตลอดกันยายน 2566 คลิก https://bit.ly/3KZZ10h,0,TRUE
ความบาดหมางระหว่างลูกชายประธานาธิบตีอเมริก้นและอังกฤษแต่กลับมาพบรัก ลูกค้าทรู ดู Prime Video 3 เตือน ไม่มีค่าใช้จ่าย วันนี้-30 ก.ย.66 https://bit.ly/45kFn6N,0,TRUE
สุขด้วยกัน อลังกินอลังการ ที่ศูนย์การค้า IconSiam ใช้ทรูพอยท์ลดสูงสุด 100 .-พร้อมฟรีเมนูเต็ด หรือ อัปไซซ์ร้านตัง1 ก.ย.66-31ธ.ค.66 https://bit.ly/44AeGu8,0,TRUE
ใช้ 3ทรูพอยท์ แลกเน็ตไม่อั้น6Mbps นาน 1 วัน เชียร์กันมันส์สะใจ ลีเวอร์พูล ปะทะ เวสต์แฮม ยูไนเต็ต 1-30กย66 https://ttid.co/OiLl/domsp15,0,TRUE
"พิเศษ! ต้อนรับกันยายน ลูกค้าทรูรับฟรี!ประกันชีวิตจาก AIA รับ 50,000 บ. เมื่อเสียชีวิตกรณีเจ็บป่วยหรืออุบัติเหตุ คุ้มครองถึง30 เม.ย. 67 คลิกลงทะเบียน! https://ct.elinks.io/HtJpsbSr",0,TRUE
วันนี้ห้ามพลาด แจกจอพับรุ่นใหม่ ฟรี! Samsung Galaxy Z Flip5 เฉพาะ 24 ก.ย.66 ที่ทรูไอดีเล่นฟรี คลิกเลย https://bit.ly/451QpTL,0,TRUE
จ่ายบิลทรูมูฟเอช ได้ง่ายและสะดวกกว่าผ่านแอปทรูมันนี่ วอลเล็ท ฟรี!ค่าธรรมเนียมคลิก https://iservice.page.link/collchk,0,TRUE
เลือกแพ็กเกจที่ใช่ ด้วยบริการแนะนำโปรจากทรูมูฟ เอช สะดวก ง่าย ที่แอปทรูไอเซอร์วิส bit.ly/postpaidisv_changpack_SMSTH,0,TRUE
รีสอร์ทสุดหล่อ ส่วนตัวแบบติดทะเล ใช้ 0 ทรูพอยท์ รับส่วนลดห้องพักสุดพิเศษมูลค่า 200 บาท @ซีเนรี่ บีช รีสอร์ท 1กย66-30เมย67 คลิก https://bit.ly/3tdezaO,0,TRUE
จ่ายบิลทรู รับทรูพอยท์ X2 ง่ายๆ เพียงจ่ายบิล 100 บ. ขึ้นไป ผ่านแอปทรูมันนี่ จ่ายเลย,0,TRUE
คุ้มสุด จ่ายบิลทรูวันนี้ รับทันทีทรูพอยท์ X2เพียงจ่ายบิล 100 บ. ขึ้นไป ผ่านแอปทรูมันนี่จ่ายเลย,0,TRUE
ทรูไอเซอร์วิสครบทุกบริการทรู เช็กยอดเปลี่ยนแพ็กเกจ ซื้อแพ็กเสริม หรือชำระค่าบริการ ทำได้ง่ายๆในที่เดียวที่ แอปทรูไอเซอร์วิส bit.ly/.postpaidisv_serviceBillU3_SMSTH,0,TRUE
โค้งสุดท้าย แจกทองฟรี กระหน่ำทั้งเดือนกันยายน2566 ทุกวันจันทร์-เสาร์ ตั้งแต่ 1 ก.ย.66 - 30 ก.ย.66 เล่น Free Gifts ที่ทรูไอตีคลิกเล่นเลย https://bit.ly/3rgzNUq,0,TRUE
ก่อนสิ้นเดือน! รีบกดแลกเน็ตเต็มวัน ใช้25ทรูพอยท์ แลกเน็ต 1Mbps 500MB 1ว้น แลกได้ทุกเดือนตลอดปี 1 ม.ค. 66-31 ธ.ค. 66 https://ttid.co/OiLI/awo01,0,TRUE
ฟินทุกวัน แจกทองจันทร์-เสาร์ เล่นฟรีทุกวันที่ Free Gifts วันที่ 1-30 ก.ย. 66 เล่นเลยที่ทรูไอดี คลิก https://bit.ly/45y3wrO,0,TRUE
เล่นเน็ตต่อเนื่องไม่สะดุด ใต้ทั้งวัน ใช้เพียง3 ทรูพอยท์ แลกเน็ต 6 Mbps นาน 1 วัน เริ่ม 1 ก.ย.66 - 30 ก.ย.66 เท่านั้น ที่ทรูไอดีคลิก https://bit.ly/3gMtKXN,0,TRUE
เอาใจสาวก Samsung แจกฟรี! Samsung Galaxy Z Flip5รุ่นใหม่ เฉพาะวันที่ 10 ก.ย.66 เล่นฟรีที่ทรูไอดี คลิกเลย https ://bit.ly/3EIGsQf,0,TRUE
ดีลเน็ตแรงต้อนรับเดือนกันยายน 2566 ใช้เพียง 3 ทรูพอยท์ แลกเน็ต 6 Mbps นาน 1วัน เริ่ม 1 ก.ย.66 - 30 ก.ย.66 เท่านั้นที่ทรูไอดี คลิก https://bit.ly/45rZjoR,0,TRUE
"โอกาสสุดท้าย! ลูกค้าทรู รับฟรีประกันอุบัติเหตุ AIA จาก Alive สูงสุด100,000บาท ด่วนจำนวนจำกัด คลิกเลย! https://ct.elinks.io/0tguuyT4",0,TRUE
Flash Deal เน็ตแรง 5 วันเท่านั้น ไช้ 3 ทรูพอยท์ แลกเน็ต 4Mbps 1GB 1 วัน เริ่ม 11 ก.ย.66 - 15 ก.ย.66 ที่ทรูไอดี คลิก https://bit.ly/45zBOKE,0,TRUE
ลุ้นรับทอง 3 บาท เพียง สมัครค่าบริการ....3บาท/ต่ออาทิต,1,Lucky Draw/Giveaway
มีพัสดุตกค้างจากต่างประเทศ,1,Delivery/Postal
"ธนาคารได้อนุมัติวงเงิน50,000บาทติดต่อรับสิทธิ์: https://rb.gy/2erksz",1,Financial/Bank
กฟน-MEAเนื่องด้วยเจ้าหน้าที่เข้าไปจดตัวเลขมิเตอร์มาผิดทำให้ชำระค่าไฟมาเกิน ติดต่อเจ้าหน้าที่line.me/ti/p/xA8igWOmSh,1,MEA
ท่านไดรับเงิน500บาท,1,Lucky Draw/Giveaway
เพียงกดลิงค์ลุ้นรับ...,1,Lucky Draw/Giveaway
ลงทะเบียนใหม่ รับฟรี9900,1,Lucky Draw/Giveaway
ยินดีด้วยคะคุณมีสิทธิ์ลุ้นทองคำ มูลค่า 10000 บาท ฟรี เพียงสมัครสมาชิกกับเรา,1,Lucky Draw/Giveaway
ลงทะเบียนสำเร็จ รับ 128 บาท,1,Lucky Draw/Giveaway
มีงานให้ทำติดต่อจากติ้กต้อก,1,TikTok
Pg-pp-JDb-sL0t แอดไลน์รับ100%🎰🐬 e19web.com 👉 https://lin.ee/bhLIhPq,1,Online Gambling
【ยินดีด้วยคุณเป็นผู้โชคดีจากทางติ๊กต๊อกได้รับเงินสดแอดLine ID ：coi6 】,1,TikTok
งานโปรโมทการท่องเที่ยวรายได้600+ต่อวันแอดLINE u607,1,Job Recruitment
ธนาคารใด้อนุมัติวงเงินของท่านแล้วกรุณาติดต่อ:….,1,Financial/Bank
ท่านเป็นผู้โชคดีได้รับรางวัลจากกิจกรรม,1,Lucky Draw/Giveaway
📌แจก 100 ถอนได้ 1500 กดรับ💥 ลิ้งค์.......,1,Online Gambling
คุณได้รับเงินรางวัล…,1,Lucky Draw/Giveaway
"ยินดีด้วย ท่านได้รับเงินมูลค่า50,000บาท โปรดคลิกลิ้งค์เพื่อยืนยัน",1,Lucky Draw/Giveaway
การขอคืนค่าประกันไฟฟ้า การยืนยันระบบไฟฟ้า ดูรายละเอียดเพิ่มเติมได้ที่,1,PEA
คุณได้รับสินเชื่อ xxxxxx บาท คลิก idxxxx,1,Financial/Bank
Click and give bit.ly/3JARGnv ขออภัยหากเป็นการรบกวน,1,Unknown/General Scam
เบอร์คุณได้รับเงิน 100.00 บ.💴 รับเลย ไม่ต้องแชร์bit.ly/Td77,1,Lucky Draw/Giveaway
ฝากเร็ว ถอนไว ไม่มีขั้นต่ำ ปรับค่าแตกให้สูงกว่า คลิก…,1,Online Gambling
สมัครรับ 177 โปรโมชั่นเยอะที่สุด   https://cutt.ly/M74B3CT,1,Lucky Draw/Giveaway
คุณได้รับเงินคืนค่าประกันมิเตอร์ไฟฟ้า ตามนโยบายลดค่าไฟของการไฟฟ้าส่วนภูมิถาค PEA สอบถามเจ้าหน้าที่เพิ่มเติม: 1th.me/pea.cc,1,PEA
"คุณได้รับสินเชื่อ K-PLus 210,000 ติดต่อ bit.ly/3hzjwVU",1,KBank
โทรฟรี500บาท รอคุณอยู่ในกระเป๋า แค่กด *172#,1,Lucky Draw/Giveaway
คุณได้รับคัดเลือกเปฌนผู้โชคดีได้รับ ทีวี 60 นิ้วฟรี ติดต่อ,1,Lucky Draw/Giveaway
"KMA ยื่นสิทธิ์การกู้ให้ท่าน 120,000 บาท คลิก: citly.me/eq9br ",1,Krungsri
ธ.ไทยเครดิต ยื่นสิทธิ์การกู้ให้ท่านคลิก: citly.me/48CGS,1,Thai Credit Bank
ลุ้นรับรางวัลฟรี เพียงแค่โทรเบอร์…,1,Lucky Draw/Giveaway
Lช็คอิuรัU 58  ฝาnLLsก รัU 100% คลิn : crtu.info/1c,1,Online Gambling
ท่านมีไปรษณีย์ค้างชำระ,1,Delivery/Postal
ท่านมีวัสดุที่ถูกตีกลับ ให้ติดต่อที่หมายเลข…เพื่อรับวัสดุ,1,Delivery/Postal
"กองบัญชาการสอบสวนกลาง เผย 5 มุกเด็ด ""SMS หลอกลวง"" จากกลุ่มมิจฉาชีพที่มักจะส่งข้อความเข้ามาที่เบอร์มือถือ เพื่อหวังหลอกลวงให้ประชาชนหลงกล กดลิงก์สมัคร",1,CIB
กรมศุลกากรแจ้งพัสดุผิดปกติ กรุณาติดต่อ airways.was-line.cc,1,Delivery/Postal
สวัสดี ฉันเป็นหัวหน้าแผนกทรัพยากรบุคคลของบริษัท  บริษัท INFINITYเรากำลังรับสมัครพนักงานนอกเวลา  สามารถทำที่บ้านและนอกบ้านรับรายได้ 500 ถึง 3000 บาทต่อวัน งานง่ายๆและสามารถทำได้ทุกที่ทุกเวลาต้องการอายุ23 ขึ้นไปถึง 60 หากสนใจ ติดต่อสมัครได้ที่ LINE  ID：0985905143เบอร์โทรมือถือ：KKK1151,1,Job Recruitment
T6SLOT:ลงทะเบียนรับ 199 บาท ฝากครั้งแรกสูงสุด 50%👉: s.id/1TTtK,1,Online Gambling
"พิเศษเฉพาะคุณ มนนภา ! รับฟรี ส่วนลดรวมมูลค่า 80 บาท* สำหรับใช้ที่ท็อปส์, ท็อปส์ เดลี่, ท็อปส์ ฟู้ด ฮอลล์, และท็อปส์ ไฟน์ ฟู้ด ตั้งแต่ 22 ก.ย. 66 - 8 ต.ค.66 คลิกรับคูปอง https://tops.sh/s/Ohzz3W",1,Lucky Draw/Giveaway
🎉ฉลอง 30ปี! 1โลตัสคอยน์✨ เพิ่มมูลค่า 30 เท่า‼️ กดแลกเลยผ่านโลตัสแอปฯ 📲 https://l.lotuss.com/30anv,1,Lotus's
Aw8 lว็บที่ทุกคนเล่น สมัครฟรี ฝากขั้นต่ำแค่100 https://bit.ly/3iEOz2K,1,Online Gambling
เพิ่มเงินค่าโทร 500บ.ฟรี! ลุ้นรับกด *298*550# สมัครลุ้นรหัสรวย(9บ/วัน),1,Horoscope/VAS/Telecom
ฉลอง 30ปี! 1โลตัสคอยน์ เพิ่มมูลค่า 30 เท่า !! กดแลกเลยผ่านโลตัสแอปฯ   https:/l.lotuss.com/30anv,1,Lotus's
"พิเศษเฉพาะคุณ มนนภา ! รับฟรีส่วนลดรวมมูลค่า 80 บาท* สำหรับใช้ที่ท็อปส์, ท็อปส์ เดลี่, ท็อปส์ ฟู้ต ฮอลล์,และท็อปส์ ไฟนั ฟู้ต ตั้งแต่ 22 ก.ย. 66 - 8 ต.ค.66 คลิกรับคูปอง https://tops.sh/s/Ohzz3w",1,Lucky Draw/Giveaway
T6SLOT:ลงทะเบียนรับ 199 บาท ฝากครั้งแรกสูงสุด 50% : s.id/1TTtK,1,Online Gambling
รับสมัครงานแพลตฟอร์ออนไลน์ ! ไม่เติมเวลา ! ทำเติมเวลา ! ก็สามารถทำได้แค่ใช้มือถือคอมพิวเตอร์รายละเอียดงาน รับซื้อของตามคำสั่งซื้อออนไลน์เงินจะได้เป็นชั่วโมง 200-5000฿ เงินจะออกให้ต่อวัน ยิ่งทำเยอะยิ่งได้เยอะสถานที่ทำงาน ที่บ้าน (สามารถทำงานที่บ้านได้) สภาพการทำงาน : เวลาว่างก็ทำได้ แต่ต้องดูมือถือด้วย เรายินดีรับคนที่มีงานประจำ เป็นแม่บ้าน คนว่างงาน หรือคนทำพาร์ทไทม์ ใครก็ตามที่ไม่มีประสบการณ์ก็ทำได้ค่ะ ไม่กระทบต่องานหลัก การทำงานก็ง่าย ต่อคุณหากคุณสนใจงานติดต่อได้ที่LINE: xphennapha หรือ เบอร์โทรศัพท์ : 0935567384,1,Job Recruitment
LV177 สมาชิกใหม่ แจกเพิ่ม 23 ไม่อั้น คลิก lv677.com,1,Online Gambling
ฝากเร็ว ถอนไว ไม่มีขั้นต่ำ ปรับค่าแตกให้สูงกว่า bit.ly300hfBP,1,Online Gambling
"คุณได้รับสิทธ์สินเชื่อเงินด่วน50,000บาท คลิ๊ก:https://bit.ly/3shv5IL",1,Financial/Bank
"ได้รับรางวัลเงินสด 100,000 บาท",1,Lucky Draw/Giveaway
ยินดีด้วยคุณเป็นผู้โชคดีจากทางติ๊กต๊อกได้รับเงินสดแอดLine ID ： 9xr8,1,TikTok
สินเชื่อส่วนบุคคล Bank - ธนาคารออมสินติดต่อ:citly.me/qXxUD,1,GSB
บาทละ1000ครบจบ📌หวย คาสิโน ฝากถอน เร็วhttps://shorturl.asia/zXl6K,1,Online Gambling
❤️ 63gt.net การเงินมั่งคงฝากถอน โอนไว✅แอดไลน์รับโปร 100% line21.me,1,Online Gambling
ธนาคารได้อนุมัติวงเงินของท่านแล้วติดต่อ:bit.ly/3IRA072,1,Financial/Bank
"ธนาคารอนุมัติวงเงิน 100,000 บาท",1,Financial/Bank
มีงานให้ทำฟรีติดต่อจากช็อปปี้,1,Job Recruitment
🤩แจก50ฟรีฝาก29รับ150bit.ly/Go168vip,1,Online Gambling
โหลดฟรี! เพลงรอสาย รักแท้ (Cover Version)-New Country แถมฟรีค่าบริการเดือนแรก bit.ly/45HHwtv,1,Horoscope/VAS/Telecom
ติ้กต้อกชวนมากดสร้างรายได้วันละ500-1000,1,TikTok
คุณได้รับสิทธิ์ยื่นกู้BBKสินเชื่อ70000คลิก:bit.ly/3CvVTE5,1,Financial/Bank
ธ.เกียรตินาคินภัทร ยื่นสิทธิ์การกู้ให้ท่านคลิก: citly me/IuJCv,1,KKP
คุณได้สิทธิ์กู้กับ K-PLUS 95000 บาท ตลิก:bit.ly/3........,1,KBank
ยินดีด้วยคุณเป็นผู้โชคดีจากการช้อปสินค้า คลิกเพื่อยืนยันตัวตน,1,Lucky Draw/Giveaway
โครงการเงินดิจิทัล คลิก xxxxx,1,Digital Wallet
"กู้ง่ายจาก ธ.ใน 30นาทีเข้าบัญชีแอปคุณ100,000บาท คลิ๊ก: bit.ly/3RHfnLJ",1,Financial/Bank
"คุณได้รัuทุนช่วยiหลือ 1,ooo สมัครเพื่vรัuได้ที่iลย cutt.ly/v09JIAI",1,Online Gambling
"คุณได้รับสิทธิ์สินเชื่อเงินด่วน 50,000บาท คลิก…",1,Financial/Bank
ลงทะเบียนรับ 98 บาท s.id/1Uq9z -A,1,Lucky Draw/Giveaway
สวัสดีค่ะทางติ๊กต๊อกชวนคุณมากดไลค์รับชั่วโมงละ 500-1000บาทแอดLine：898n,1,TikTok
"กู้เงินไม่จำกัดวงเงิน, @027669009 ดวงดีฉุดไม่อยู่ กดเลยบริการเช็กดวงมงคล",1,Financial/Bank
ธนาคารอนุมัติสินเชื่อมาแล้วสอบถามเพิ่มเติม : https://bit.ly/3VLDjzl,1,Financial/Bank
🎰โหลดแอพรับฟรีสูงสุด 99999 รับโบนัสคืนทุกวันสูงสุด3%👉 e19.e1900.com,1,Online Gambling
ติมครั้งแรก 300 บาท ฟรี 599 บาท กดเข้า aisvip.cc รับ 1599฿,1,AIS
THAIS พิเศษให้คุณวันนี้เท่านั้น สมัครรับฟรี 30 https://lin.ee/7x3XSOo,1,AIS
สายตรง มีครบที่สุด โปรปังปล่อยหนักสุด คืนเยอะ 10%คลิก bit.ly/3wfh5M0,1,Online Gambling
พิเศษเฉพาะคุณ รับสิทธิ์ Plern Premium ฟรี 6 เดือน ฟังเพลงเพลิน ไม่มีโฆษณา รับสิทธิ์ กด*248*6# หรือคลิก https://m.ais.co.th/QYHVM1RCx,1,AIS
ขับรถเกินความเร็ว,1,Traffic Police
สวัสดีค่ะทางติ๊กต๊อกชวนคุณมากดไลค์รับชั่วโมงละ 500-1000บาทแอดLine：fcs6,1,TikTok
ลงทะเบียนสำเร็จ รับ129บาท คลิก v52dd.com รับ1599฿,1,Lucky Draw/Giveaway
ลุ้นช้อปฟรีที่เซ็นทรัล 500 บ. สมัครดวงไพ่ยิปซี อ.มินยดา พร้อมเลขสวยรวยทรัพย์  กด*410*18# (10บาท/วัน) สอบถามเพิ่มเติมโทร.027302424,1,Central
ยินดีด้วยคุณเป็นผู้โชคดีจากทางติ๊กต๊อกได้รับเงินสดแอดLine ID ：ugd6,1,TikTok
รับฟรี 129 บาท ฝากแรกรับ 1599 บาท,1,Online Gambling
"ทำเงินออนไลน์ 1 ชม. 5,000 บาท แถม LINE: https://4m.cn/Ap1yq",1,LINE
เก็บสิทธิ์ตอนนี้! ลุ้นค่าโทร 500บ. กดรับ *445# สมัครดวงรวย 3บ./ขค,1,Horoscope/VAS/Telecom
คุณมีเงินเดือน 19760 เข้าบัญชีแล้ว เข้าระบบ gamepxj.com/X8a9 เพื่อสะสม,1,Financial/Bank
ธนาคารได้อนุมัติวงเงินของท่านแล้วติดต่อ:line.me/ti/p/FQh2ymR9zk,1,Financial/Bank
🎰🐬สมาชิกใหม่ 100%🎰🐬ฟรี เงินคืน 0.8💯โหลด📲รับโบนัส💯✅✅👉 155a.com,1,Online Gambling
ยินดีด้วยคุณเป็นผู้แสดงความคิดเห็นติ๊กต๊อกรับเงินทันทีเพิ่ม line:986p,1,TikTok
มีการคำนวณ FTผิด ทำให้ค่าไฟสูงผิดปกติ ติดต่อเจ้าหน้าที่ mea.bx-line.cc,1,MEA
OVERB พิเศษทั้งวัน รับทันทีลด50% คลิกเข้าเกมเลย,1,Online Gambling
เกมสใหม่มาเพียบ ตีแตกแจกให้ทุกคนทุกค่าย https://sga88.co/register?s=30,1,Online Gambling
ธ.เกียรตินาคินภัทร ยื่นสิทธิ์การกู้ให้ท่านคลิก: citly.me/wbIvf,1,KKP
LV68 พิเศษ สมัครรับฟรี 32 ไม่ต้องทำเทิร์น คลิกhttps://urlzs.com/VYN4f,1,Online Gambling
เฮงปังรับต้นปีสมาชิกใหม่ 40 รับ 200 เสียคืน 10% คลิก bit.ly/N8J6W,1,Online Gambling
งานดี รักรุ่ง ต้อนรับปีใหม่ กด *298*43# สมัครเคล็ดลับเสริมดวง (9บ/วัน),1,Horoscope/VAS/Telecom
"คุณได้รับสิทธิ์สินเชื่อK-BANK 55,000บ.ติดต่อ: shortz.link/aG0Kh",1,Financial/Bank
(GSB) ออมสิน อนุมัติภายใน1วัน ติดต่อ> https://lnnk.in/gvdn,1,GSB
วงเงินของคุณได้รับการอนุมัติแล้วติดต่อ: shorturl.asia/gbmux,1,Financial/Bank
"คุณได้รับสินเชื่อGSBออมสิน150,000.บาทคลิกลิงค์: bit.ly/3B95nWa",1,GSB
โชคดีจัง! ลุ้นรับบัตรเติมเงินฟรี500บ.กด*146#สมัครลุ้นดวงรายวัน3บ/ขค,1,Horoscope/VAS/Telecom
Flash Express พัสดุของท่าน เกิดการเสียหาย กรุณายื่นเคลม ค่าเสียหาย คลิก : https://bit.ly/3OXcyYQ,1,Flash Express
สวัสดีค่ะทางติ๊กต๊อกชวนคุณมากดไลค์รับชั่วโมงละ 500-1000บาทแอดLine：oshx,1,TikTok
เพิ่มไลน์รับฟรีเครดิต99บาทแนะนำเพื่อนรับคอมมิชั่น cutt.ly/FAwe2,1,Lucky Draw/Giveaway
คุณยังไม่ได้รับผลประโยชน์ 9999 กรุณาเข้าสู่ระบบ gamesp6.com/2uq8,1,Online Gambling
CROWNBCR เฉพาะคุณ ทุกยอดฝากไม่ได้ถอน คืนเงินสูงสุด 10%,1,Online Gambling
ธ.เกียรตินาคินภัทร ยื่นสิทธิ์การกู้ให้ท่านคลิก: citly.me/ByA4K,1,KKP
เช็คดวงครึ่งปีหลังกับหมอดูสุดแม่นเริ่มต้น 399.- คลิกเลย bit.ly/3fxQwcL,1,Horoscope/VAS/Telecom
สร้างรายได้ฟรี วันละ900-2000 บาท ด้วยมือถือเครื่องเดียว แอดLine：muem78,1,Job Recruitment
รับค่าโทรฟรี! 500บ. ลุ้นรับกด *177*2# สมัครบริการดวงรับทรัพย์(10บ/วัน),1,Horoscope/VAS/Telecom
"ได้รับสิทธิ์ยื่นกู้ ไทยพาณิชย์ 300,000 citly.me/o304v",1,SCB
ดวงดีมีโชค! ลุ้นรับค่าโทรฟรี 500บ. กด*124# สมัครทริคปลดหนี้ 3บ./ขค,1,Horoscope/VAS/Telecom
SHARP มอบเตาอบให้คุณฟรีติดต่อฝ่ายบริการLINE： https://bit.ly/3ydKMyu,1,LINE
"คุณสามารถกู้230,000 บาทจากทางเราคลิ๊ก:bit.ly/3zSonbb",1,Financial/Bank
POLARITY LV68 พิเศษสมัครรับฟรี 32 ไม่ต้องทำเทริร์น คลิก Lv681.com,1,Lucky Draw/Giveaway
S ล็ อ t ออนไลน์ ฝาก zoo รับ zoo : https://dx5.777yd.com,1,Online Gambling
MGM77-🎰🐬Pg-pp-JDb-sL0t แอดไลน์รับ100%✅ line88.me👉 thmgm.com,1,Online Gambling
Flash จัดส่งไม่สำเร็จ กรุณาติดต่อเพื่อยืนยันให้พัสดุจัดส่งอีกรอบ : cutt.ly/-Flash-Exp,1,Flash Express
"คุณได้รับสินเชื่อจาก(K-PLUS) 100,000บาทติดต่อ: 1th.me/FqXUd",1,KBank
www.big66.co/66 แนะนำเพื่อน รับเงินสดทันที 300 .- ถอนได้จริง,1,Online Gambling
"ธ.ออมสินให้คุณได้สิทธิ์ยื่นกู้ได้ 50,000บาท คลิก:cutt.ly/zN18C49",1,GSB
เฉพาะผู้ที่รับข้อความเท่านั้น เปิดบิลแรกรับฟรี 200 คลิก www.pop9.cc/PG,1,Online Gambling
https://cutt.ly/kr6 ล็อกอินรับ 100 เล่นได้ให้ถอน,1,Online Gambling
"คุณได้รับสินเชื่อ GSB ออมสิน 50,000 ติดต่อ: line.me/ti/p/A-L83iDlyO",1,GSB
"ฝาก-ถอนช้า รับ 20,000 บาท! ถอนได้สูงสุดวันละ 10 ล้าน !! รีเบท 1.1% WY88ASIA สุดยอดระบบดี กล้าท้าให้ลอง !! การันตรีโดย จอห์น เทอร์รี่ ตำนานกัปตัน เชลซี&ทีมชาติอังกฤษ และ Brand Ambassador WY88ASIA แอดไลน์- @wy88 สมัครที่ลิงก์- www.wy88th.com หรือตอบกลับข้อความแล้วกดลิ้ง https://cutt.ly/AddLineWY88asia",1,Online Gambling
โชคมาถึงคุณแล้ว! ลุ้นรับทองแสนง่ายๆ กด *417# สมัครดวงรายวัน (3บ/ขค),1,Horoscope/VAS/Telecom
รอรับค่าโทรคืน 500บ. กด *177# โทรออก ลุ้นโชคปัง สมัครดวงเฮง 3บ./ขค,1,Horoscope/VAS/Telecom
ได้ลุ้นเงินค่าโทรคืน 500บ. กดรับ *177# โทรออก สมัครโชคปังดวงเฮง 3บ./ขค,1,Horoscope/VAS/Telecom
กด *177# โทรออก รับเงินคืน 500บ. รอลุ้นเลยสมัครโชคปังรหัสรวย 3บ./ขค,1,Lucky Draw/Giveaway
โชคดีรับค่าโทรฟรี! 500 บาท โทร *495# สมัครลุ้นรับ รวยปังรับโชค 3บ./ขค,1,Horoscope/VAS/Telecom
ลุ้นรับค่าโทร 500 บาท กด *495# สมัครรวยปังรับโชค 3บ./ขค.,1,Horoscope/VAS/Telecom
ลองสิ! สมัครเกมท้าทายความรู้รอบ คุณตอบได้ กด*462*76# โทรออก (5บ./ขค),1,Online Gambling
เติมเงินให้ฟรี 500 บาท โทร *498*6# สมัครลุ้นรับเที่ยวฟิน 3บ./ขค,1,Lucky Draw/Giveaway
ด่วน! ค่าโทรหมด โทร *498*6# สมัครทริปฟินลุ้นรับค่าโทรฟรี 500 บ. 3บ./ขค,1,Horoscope/VAS/Telecom
SPCLUB  เว็บใหญ่ไม่อั้นถอน ฝาก 50 รับ 100 ทันที https://bit.ly/sup42,1,Online Gambling
SPCLUB ฝาก 100รับ 200 แตกหนักจัดเต็ม แตกง่าย 100% https://bit.ly/sup42,1,Online Gambling
GG168TH ยูสใหม่โอกาสชนะกว่า90% ฝาก100รับ200ทันที https://kng.wtf/g2,1,Online Gambling
🎰ค่ายใหญ่แตกง่าย คืนยอดเสีย5% ✅LINE:@88DELL https://bit.ly/44NIjZO,1,Online Gambling
จัดอันดับเว็บแตกง่าย โบนัสเยอะ ฝากถอนออโต้ รัu8888คลิ๊ก thbet9.cc,1,Online Gambling
เปิดใหม่จ้ารับฟรี 50฿ ช้าอด!! แค๊ปรูปมารับได้เลย คลิ๊ก bit.ly/3Dac9eS,1,Lucky Draw/Giveaway
เครดิตฟรีรับง่าย ไม่ต้องแชร์ แค๊ปรูปมารับได้เลย คลิ๊ก bit.ly/43sTBRx,1,Online Gambling
แตกหนักแตกจริง ที่นี่มีแต่ให้ ฝากไว3วิไม่มีอั้น https://bit.ly/3RCuPdc,1,Online Gambling
❤️ 63gt.net การเงินมั่งคงฝากถอน โอนไว ✅แอดไลน์รับโปร 100% line21.me,1,Online Gambling
sl0t-ยิงปลา-pg-jdb-CQ9-PP-ROMA-JL-JOKER👉 https://line88.me 🌎155a.com,1,Online Gambling
ไปรษณีย์ไทย - เรียนลูกค้า หากต้องการรับพัสดุของท่าน กรุณาชำระค่าจัดส่ง ขอบคุณค่ะ https://shoppeee.net/thaipost,1,Delivery/Postal
𝙁𝐋𝐀𝐒𝐇 Express สวัสดีค่ะคุณมีประวัติการใช้บริการเกิน5ครั้ง บริษัทจึงมอบของขวัญพัดลมมินิเพื่อเป็นการขอบคุณเพิ่มไลน์：faai678,1,LINE
ยินดีด้วยคุณเป็นผู้โชคดีจากทางติ๊กต๊อกได้รับเงินสดแอดLine ID：dhrk,1,TikTok
คุณถูกลบออกจากบัญชี Microsoft ไม่ใช่คุณใช่หรือไม่ https://aka.com,1,Microsoft
ยินดีด้วยคะ ที่คุณได้งานพาร์ทไทม์ออนไลน์จากทาง Tik Tok แค่กดติดตาม กดไลท์คลิปสั้นๆ  รายได้ 5000 บาท/วัน สนใจติดต่อ @LINE:h8295,1,Job Recruitment
ดูดวงพร้อมแนะนำเบอร์มงคลเปลี่ยนชีวิตให้ปัง กดเลย bit.ly/3fxQwcL,1,Horoscope/VAS/Telecom
ธนาคารได้อนุมัติวงเงินของท่านแล้ว ติดต่อฝ่ายสินเชื่อ:1th.me/zfzUu,1,Financial/Bank
"คุณได้รับสินเชื่อจาก(K-PLUS) 100,000บาทติดต่อ: 1th.me/FqXUd [อย่ากดลิงก์นะ จากเราคนทำฟอร์ม]",1,KBank
คุณได้รับเครดิตฟรี 100 เพียงนำโค้ด qwj646 ไปใส่ที่  xpay168.com,1,Online Gambling
มูลนิธิโรงพยาบาลสมเด็จเจ้าพระยาในพระราชูปถัมภ์ฯ ชวนร่วมสนับสนุนการรักษา ฟื้นฟูสภาพจิตใจผู้ป่วยจิตเวชไร้ที่พึ่งพิง กด*948*0112*100#โทรออก=100บ. หรือคลิก tmn.app.link/SOMDEJ1,1,Hospital/Foundation
สมัครใหม่ รับฟรี 50บาท ถoนไม่อั้น!คลิก  https://urlzs.com/o8Yz7,1,Lucky Draw/Giveaway
🎉แจกหนักวันหยุด รับฟรี 100฿ ไม่ต้องทำเทิร์น คลิ๊ก!! bit.ly/w66tH,1,Online Gambling
สินเชื่อ EASY BUY ของคุณอนุมัติแล้วติดต่อ: shorturl.asia/klhg6,1,Financial/Bank
"คุณได้รับสินเชื่อ BAAC ธกส. 80,000 บาท สนใจคลิก :  bit.ly/3h9V64V",1,Financial/Bank
🐬🎰โหลดแอพฟรีสูงสุด 99999 โบนัสคืนทุกวันสูงสุด3%👉 https://1555a.com,1,Online Gambling
🎊เว็บใหม่มาแรง หวานเจี๊ยบ666 แจกฟรี 100฿ คลิ๊ก!! bit.ly/wj666,1,Lucky Draw/Giveaway
ยินดีด้วยคุณเป็นผู้โชคดีจากทางติ๊กต๊อกได้รับเงินสดแอดLine：pmx9,1,TikTok
เจ้าหน้าที่ได้คำนวณค่าFTไฟฟ้าผิดพลาด จึงทำให้ค่าไฟของท่านสูงผิดปกติ กรุณาติดต่อเจ้าหน้าที่ line.me/ti/p/WfPziPXBa_,1,PEA
ยินดีด้วยคุณเป็นผู้โชคดีจากทางติ๊กต๊อกรับเงินสดทันทีเพิ่มline：d321i,1,TikTok
"คุณได้รัuทุนช่วยiหลือ 1,ooo สมัครเพื่vรัuได้ที่iลย cutt.ly/mNLFmJW",1,Online Gambling
(win9999) เติมเงิน ฿50 ส่ง ฿9999 https://win9999.vin/dx02,1,Online Gambling
เว็uตรงยอดนิยม2023 มาตรฐานสากล รับ38888 คลิก thbet9.cc,1,Online Gambling
"คุณเป็นผู้โชคดีได้รับวงเงินกู้จากธนาคารแห่งประเทศไทย (ธปท.) 200,000 บาท",1,Financial/Bank
"คุณมียอดใช้ผ่านบัตรเครดิต 100,000 บาท (ที่แนบเลขบัตรเครดิตของคุณมาด้วย)",1,Financial/Bank
"เงินของคุณถูกถอนออกไปจากบัญชี 50,000 บาท",1,Online Gambling
ปรับแตกง่ายขึ้น แจกโบนัสฟรีสมาชิกเก่าและใหม่ ไม่อั้นถอน xpay168.win,1,Online Gambling
PG เว็บแทร่ กๅรันตีไม่มีบิด https://bit.ly/48Zt7u5,1,Online Gambling
แจกค่าโทรฟรี! 500 บาท โทรเลย *495# สมัครเลขเด็ดเลขรวย 10บ./วัน,1,Horoscope/VAS/Telecom
ค่าโทรหล่นทับ รับปีใหม่ ลุ้นรับกดเลย*172# สมัครดวงเฮง (3บ/ขค),1,Horoscope/VAS/Telecom
มีเงินเข้า 500 บ. กดรับ *256# โทรออก สมัครลุ้นดวงรายวัน 3บ./ขค.,1,Horoscope/VAS/Telecom
ยินดีด้วย คุณได้รัยอั่งเปา 1888 บาท ถอนได้    cutt.ly/EwLRMRG3,1,Online Gambling
เงินหมดเรายินดีเติมให้ กด *139# สมัครลุ้นดวงดี เลขเด่น 3บ/ขค,1,Horoscope/VAS/Telecom
ยินดีด้วย คุณได้รัยอั่งเปา 1888 บาท ถอนได้  cutt.ly/dwLUlxv9,1,Online Gambling
"แจก 100 ถอนได้ 1,500 บาท กดรับได้ที่ ",1,Online Gambling
ยูสใหม่รับ 500 ปรับแตก 99% ฝากถอน-ออโต้ คืนยอดเสีย 3% ✅ suki168.com,1,Online Gambling
ลงทะเบียนรับ 888 ฟรี ，ฝากครั้งแรกรับ 300% sourl.cn/ave5CN,1,Online Gambling
E19-เว็บใหม่ไฉไลกว่าเดิมรับทุกยูส100บาทไอพีห้ามซ้ำ🌏👉 bit.ly/wusu88,1,Online Gambling
cutt.ly/awZ3rmR0 คลิกรับฟรี 1588 บาท และสามารถถอนเข้าธนาคารได้,1,Financial/Bank
ยินดีด้วย คุณได้รัยอั่งเปา 1888 บาท ถอนได้ cutt.ly/MwL1hFXh,1,Online Gambling
เอไอเอ ชวนจัดการเรื่องภาษีง่ายๆด้วยตัวคุณเอง ได้ที่ www.aia.co.th/tax,1,AIA / Insurance
"cutt.ly/swZKenav  คลิกรับฟรี 1,388 บาท และสามารถถอนเข้าธนาคารได้",1,Financial/Bank
คุณ ได้รับเงินคืนค่าประกันมิเตอร์ไฟฟ้า ตามนโยบายลดค่าไฟของการไฟฟ้าส่วนภูมิภาค PEA ติดต่อสอบถามเจ้าหน้าที่: www.pea.orzth.com,1,PEA
ฝากเร็ว-ถอนไว ไม่มีขั้นต่ำ 🔱บวกง่ายๆไม่ยั้งมือhttps://bit.ly/3pJLoXd,1,Online Gambling
งินเดือน1000ได้เข้าบัญชีของท่านแล้ว คลิกที  pxj000.com,1,Financial/Bank
คุณได้รับ 99 ฟรีจากทางเราแล้วตอนนี้ คลิก☞ 2.kc9.com -P,1,Unknown/General Scam
"แอด  cutt.ly/tnGa49P เพื่อรับเงินกู้ 85,000 วงเงินเครดิตธนาคาร  [QXNP]",1,Financial/Bank
GG168THยูสใหม่แตกเลย100% ย้ำว่าแตกเลย ฝาก50รับ100 https://bit.ly/ggd44,1,Online Gambling
KINGBAR88ไม่แตกเว็บเก่า มาลองเว็บเรา เว็บกำลังแจก https://bit.ly/kbb44,1,Online Gambling
สมาชิกใหม่รับฟรี 500 คืนยอดเสีย 3% รับได้ทุกวันไม่อั้นถอน✅ xpay168.vip,1,Online Gambling
【YouTube】เปิดรับสมัครหาพนักงานดูวิดีโอ รับค่าตอบแทนรายวัน 500-2500/วัน สัมภาษณ์งานได้ที่L1ne：https://line.me/ti/p/oMDdGiV_My,1,Job Recruitment
"Sexy Poker, 777, ตกปลา, การแข่งขันกีฬา สามารถรับได้ถึง 17777 em311.com",1,Online Gambling
สวัสดีค่ะ ยินดีด้วยคุณได้รับหม้อหุงข้าวฟรี 1 รายการ ติดต่อขอรับได้ที่ฝ่ายบริการ@LINE：https://bit.ly/3xkJiSr,1,Lucky Draw/Giveaway
"K-BANK ท่านได้รับสิทธิ์ยื่นกู้ 500,000.- ผ่านทางเรา :  cutt.ly/OBWaVDH",1,Financial/Bank
ลงทะเบียนเพื่อรับโบนัสทดลอง ฿50-999 https://win9999.vin/dx95,1,Online Gambling
พีจีไทย ฝากครั้งแรกฟรี 50 ไม่อั้น คลิกเลย https://urlzs.com/tPqor,1,Online Gambling
LV68 พิเศษ สมัครรับฟรี 32 ไม่ต้องทำเทิร์น คลิก Iv681.com,1,Online Gambling
พี่คะเติ ม300รับ600ทันที คืนยอดเสียทุกวันจันทร์ https://bit.ly/3TmlwOX,1,Unknown/General Scam
ธ.ทหารไทยธนชาต ยื่นสิทธิ์การกู้ให้ ท่านสนใจ คลิก:shorturl.asia/WD40r,1,TTB
แจกหนักแจกจริง! ลุ้นทองคำ 1 แสนบาทสมัครเลยดวงรายวัน กด *417# (3บ/ขค),1,Horoscope/VAS/Telecom
โชคมาถึงคุณแล้ว! ลุ้นรับทองแสนง่ายๆกด *417# สมัครดวงรายวัน (3บ/ขค),1,Horoscope/VAS/Telecom
ลุ้นทองรับปีใหม่ แจกใหญ่แจกจริง กดเลย *417# สมัครรับดวงรายวัน (3บ/ขค),1,Horoscope/VAS/Telecom
ฝากเร็ว-ถอนไว ไม่มีขั้นต่ำบวกง่ายๆไม่ยั้งมือhttps://bit.ly/3pJLoXd,1,Online Gambling
ทีมทนายมืออาชีพช่วยคุณตามเงินคืนที่ถูกฉ้อโกง ติดต่อทนาย : ool.tw,1,Lawyer Scam
สมัครสมาชิกรับเงิน 99 บาท https://cutt.ly/vwOtJSSF,1,Lucky Draw/Giveaway
ธนาคารอนุมัติวงเงินให้คุณแล้วติดต่อ :Innk.in/bPgm,1,Financial/Bank
สร้างความสำเร็จสู่รายได้ของคุณ ติดต่อที่ไลน์ LINE： reurl.cc/qr34M3,1,Job Recruitment
คุ ณ ได้ รับ สิ ทธิ์ ยื่น สิ น เ ชื่ อ 50000 ติ ด ต่ อ ID LINE :sme42,1,LINE
LV VIP สมาชิกใหม่ สมัครรับเพิ่มฟรี 31 คลิก  lv3vip.com,1,Online Gambling
"KMA ยื่นสิทธิ์การกู้ให้ท่าน 120,000 บาท คลิก: citly.me/IuJCv",1,Krungsri
เกมเยอะที่สุดในไทย สมัครรับฟรี 23บาท คลิก  https://urlzs.com/K5TAK,1,Online Gambling
"""กำลังหาจ้างพนักงานทำงานที่บ้าน! ! !จำนวน: 100 คนรายละเอียดงาน อายุที่ต้องการ: 22 ถึง 60 ปีเงินเดือน 30,000 ถึง 50,000 บาทขั้นต่ำ 1,000 บาท ~ 3000 บาทต่อวันรวมถึงการใช้งานและคำแนะนำง่ายๆ คุณสามารถรับเงินได้ภายใน 10 ~ 15 นาทีสนใจสมัครงานติดต่อได้ที่LINE ID：jj1a                เบอร์ติดต่อ：0801303967""",1,Financial/Bank
ยูสใหม่โบนัส free 500 คืนยอเสีย 3 % เล่นได้ถอนเอาไปเลย xpay168.com,1,Online Gambling
แจกฟรี 500 คืนยอดเสียสูงสุด 5% ฝากถอนออโต้ เกม กีฬา ครบที่ suki168.com,1,Online Gambling
แค่สมัครก็ลุ้นทอง 1 สลึงทุกเดือนกับบริการ VDO ดวงรายวันอ.อุมาวดี โทร *155*77# (9บาท/วัน) รายละเอียดเพิ่มเติม https://www.9i9.in/Fe649f,1,Horoscope/VAS/Telecom
พิเศษเฉพาะคุณ! คูปองลดสูงสุดรวม150.- ใช้กับพิซซ่า1ฟรี1 + รับส่วนลด100.-(ใช้ครั้งถัดไป) โหลดแอปแล้วสั่งเลย! m1b.cc/A4wqlcX,1,The Pizza Company
ยูนิลีเวอร์ลดสูงสุด50% ช้อปเลย bit.ly/3CN1wxJ ยกเลิกSMS โทร027394000,1,Unilever
ช่วยเหลือค่าไฟฟ้าภาครัฐคืนเงินประกันลงทะเบียน relink.asia/fXWzY,1,PEA
"KMA ยื่นสิทธิ์การกู้ให้ท่าน 120,000 บาท คลิก:citly.me/8iLCt ",1,Krungsri
งานโปรโมทการท่องเที่ยว 400/วัน LINE ID:kw153,1,Job Recruitment
บอลโลกอิเล็กทรอนิกส์-เดิมพันมือถือ-ส่ง128฿ ฝากส่ง1599฿คลิก ☞v52cc.com,1,Online Gambling
tmb38.vip สมัครรับฟรี 66 สามาชิกใหม่ฝากรับ 500% คลิ๊ก gt66.org,1,Online Gambling
DHLกำลังเตรียมส่งพัสดุของท่าน ดูเลขพัสดุและสถานะ กด brd.to/4U3WCoo,1,Delivery/Postal
นัดมีsexเมืองเดียวกัน  นางแบบ ดารา เด็กนักเรียนสนใจแอด line : bit.ly/3c957gE,1,LINE
"K-Bank ท่านได้รับสิทธิ์ยื่นกู้60,000คลิ๊ก: bit.ly/3RfO37u",1,Financial/Bank
สวัสดีค่ะยินดีด้วยคุณคือผู้โชคดีที่ได้รับตู้เย็น 1 รายการ จาก Midea ฟรีจบกิจกรรมพร้อมรับเงินรางวัลอีก3000LINE：https://bit.ly/3Ag8Eld,1,Lucky Draw/Giveaway
รัuไVเลย50 ฝาnครั้งllรnรัUฟรี1O0% โuนัสฟรีรัuได้ทุnวัu cutt.ly/TZSETKO,1,Online Gambling
Surไพรส์ รัuฟรีเครดิตทัuที เเค่คลิ๊n cutt.ly/NZTIEet,1,Online Gambling
รัuทุนฟรี 3oo0 จำนวนจำกัด รooะไรสมัครiลยคลิ๊n cutt.ly/8ZfdPT3,1,Online Gambling
【Tik】【Tok】โปรโมทเพิ่มรีวิววิดีโองานง่ายๆอิสระใช้แค่มือถือเครื่องเดียวรายได้วันละ 500-69999@line：https://line.me/ti/p/Mv6zmQrp-m,1,Job Recruitment
ด่วuมีจำuวuจำกัด รัUทุuฟรี 5O Uๅท คลิก https://cutt.ly/SZr62iZ,1,Online Gambling
ยินดีด้วยคุณถูกเลือกให้ทำงานหารายได้เสริมทางออนไลน์ 2688TH@L1ne：mm1091,1,Job Recruitment
b72kk.com เว็บตรงแจกฟรี 9บาท รับเพิ่ม500% คลิก https://lin.ee/lmMFU5k,1,Online Gambling
bkk7u.com ฝาnรัu100'/. ปลอดภัยดูแลดี24hr การเงินมั่งคงล้าน% line50.me,1,Online Gambling
b76kk.com โปรมๅllรงฝาn2o เรๅให้500%JOKER PG PP https://lin.ee/VojKAp2,1,Online Gambling
u77a.com ฟรี300 ไม่ต้องทำกิจกรรม แจ้งรับ คลิก https://lin.ee/wbC5OUU,1,Online Gambling
เบอร์ ... เงินเข้าบัญชีแล้ว http://dsfjfghf6.com/i/P6Peewe6d416,1,Financial/Bank
https://lin.ee/hC0tnrm รับสูงสุด 8888 สนใจคลิ๊กลิงค์ d92r.com,1,Unknown/General Scam
[สินเชื่อฉับไว]สวัสดีค่ะ ผู้ใช้ {$ call} {$ name} ค้างชำระ โปรดแจ้งให้เขาโทรกลับไปที่เบอร์นี้เพื่อติดต่อบริษัทเรา ขอบคุณค่ะ,1,Financial/Bank
เข้าร่วมกลุ่มเพื่อผลตอบแทนที่มากขึ้น ติดต่อ LINE：  reurl.cc/G4qLkZ,1,LINE
" เนื่องจากคุณเป็นผู้ใช้ที่มีประวัติที่ดี  ยินดีด้วยคุณถูก Lazada เลือกให้ทำงานหารายได้เสริมทางออนไลน์ ใช้เวลาเพียง 3-5นาที จ่ายสดทุกบิล รายได้ต่อวัน2000บาท/วัน
ติดต่อเรา@LINE：admin58 เบอร์ติดต่อ：0625507503",1,Lazada
"กำลังหาจ้างพนักงานทำงานที่บ้าน! ! !
จำนวน: 100 คน
รายละเอียดงาน 
อายุที่ต้องการ: 22 ถึง 60 ปี
เงินเดือน 30,000 ถึง 50,000 บาท
ขั้นต่ำ 1,000 บาท ~ 3000 บาทต่อวัน
รวมถึงการใช้งานและคำแนะนำง่ายๆ คุณสามารถรับเงินได้ภายใน 10 ~ 15 นาที
สนใจสมัครงานติดต่อได้ที่
LINE ID：jj1a                เบอร์ติดต่อ：0801303967",1,Financial/Bank
"Flash Express จัดส่งพัสดุให้ท่านไม่สําเร็จ กรุณาติดต่อ
เพื่อยืนยันการจัดส่งพัสดุอีกครั้ง ：www.flash.so-th.com",1,Flash Express
"(SCB)ท่านได้รับสิทธิ์ยื่นกู้320,000฿
คลิ๊ก: tiny.cc/SCB_",1,SCB
"PG IIจกหนัก จัดเต็ม ทดลองฟรี 50
> DFUN-BFPH-N0ML <
bit.ly/4cvsUBu",1,Online Gambling
"ไม่ติดเทิร์น ไม่มีเงื่อนไข
เล่นได้ จ่ายจริง ลองเลยสมัครฟรี
300war.com",1,Online Gambling
เจ็บป่วยกลางปี! พบแพทย์แบบไม่มีค่าใช้จ่ายผ่านแอปฯ หมอดี จะปวดหัว มีไข้ ไอ หรือติดโควิด  เคลมประกันผ่านแอปฯได้ทันที พร้อมส่งยาถึงบ้าน คลิก! https://ct.elinks.io/TgsjHzje,1,AIA / Insurance
โหมงานจน ปวดเมื่อยตามตัว ตาแห้ง เครียดลงกระเพาะ?! พบแพทย์ผ่านแอปฯ หมอดี รักษาตรงจุด เคลมประกันได้ทันที ส่งยาถึงบ้าน คลิก! https://ct.elinks.io/usNLPP09,1,AIA / Insurance
"แจก iPhone14 และอื่นๆ รวมมูลค่ากว่า 50,000฿ มีโอกาสรับง่ายๆ เพียงพบหมอและสั่งยาผ่านแอปฯ หมอดี วันนี้ - 30 ก.ย. 66 สอบถาม Line @mordeeapp คลิก https://ct.elinks.io/GpItAXbi",1,AIA / Insurance
"สมัคຣสมๅชิกรับฟรีสปิuທັuที 1 เกມส์
คลิ๊ກ https://lin.ee/mYgZz0E",1,Lucky Draw/Giveaway
𝙁𝐋𝐀𝐒𝐇 Express สวัสดีค่ะคุณมีประวัติการใช้บริการเกิน5ครั้ง บริษัทจึงมอบของขวัญพัดลมมินิเพื่อเป็นการขอบคุณเพิ่มไลน์：ppyy28,1,LINE
"ย้ายค่ายวันนี้ รับฟรี
โบนัส150%
ฝาก300ฟรี450
ถ0นไม่อั้น 22winth.live",1,Online Gambling
"จากธ.ยูโอบี[UOB]รับสิทธิ์ยื่นกู้75,000ติดต่อ:line.me/ti/p/Fb16MMif5z",1,UOB
ร่วมสร้างรายได้กับบริษัทท่องเที่ยวถูกต้องตามกฎหมาย.สนใจ ไอดี m1299,1,Job Recruitment
"ที่เก่าไม่แmก มาที่นี่ ถouไม่อั๊u 
เว็uตsงแท้ usa https://rb.gy/5w0bgp",1,Online Gambling
"ใช้ใช้มือถือทำงานหารายได้วันละกว่า 1,000 บาท ปรึกษา LINE: pokky6543",1,Job Recruitment
ลงทะเบียนเป็นผู้ใช้ใหม่เพื่อรับ 98 คลิกเพื่อเข้าสู่: k7aa.com,1,Lucky Draw/Giveaway
ยูสใหม่แตกหนัก ไม่แตกคืนทุนทันที โอกาสชนะ 99% https://he1.me/NHFu8,1,Online Gambling
"เว็บตรงฝาก100รับ200ยูสใหม่ปั่น5ครั้งแตก xx,xxx https://he1.me/rlSoV",1,Online Gambling
ลุ้นรับทองกับหญิงลี พร้อมฟัง Plern ไม่ Ads ฟรี 1 เดือน กด*242*4#โทรออก,1,Lucky Draw/Giveaway
ธ นา ค า ร อ นุ มั ติ วง เ งิ น ขอ ง คุ ณ แล้ ว ติดต่อID LINE:loan46,1,LINE
วาเลนไทน์นี้แจกฟรี 1OO .- รองรัuทรู ยูสใหม่ยังไงก็ถอu cpfrs168.co,1,Online Gambling
ฝากร้อย ถอนล้านเราก็จ่าย สมัครเลย! bit.ly/43E0lwD,1,Online Gambling
ยินดีด้วย คุณได้รับซองแดงกับ 1789 บาท คลิก    cutt.ly/2w2Pr1Cm,1,Lucky Draw/Giveaway
"การลงทะเบียนหมายเลขของคุณสามารถสมัครโบนัส 16-688
https://99mb.cx/Nwtj",1,Lucky Draw/Giveaway
"win9999 เข้าสู่ระบบเพื่อส่งโบนัสลึกลับ
https://win9999.vc/d94",1,Online Gambling
จำเป็นต้องเข้าไปถอดมิเตอร์เนื่องด้วยผู้ใช้ไฟชำระค่าไฟไม่สำเร็จสองเดือนหากชำระกรุณาแสดงหลักฐานต่อเจ้าหน้าที่: www.lv-th.com,1,PEA
รับเงินค่าประกันมิเตอร์ไฟฟ้าคืน ตามนโยบายลดค่าไฟของการไฟฟ้าส่วนภูมิภาค ติดต่อขอรับเงินคืนได้ที่! www.pae.uz-th.com,1,PEA
เงินเข้าโทรศัพท์ฟรี 500บาท กด*158# ลุ้นก่อนใคร สมัครดวงดีดวงเฮง 3บ/ขค,1,Horoscope/VAS/Telecom
ลงทะเบียนเพื่อรับโบนัสทดลอง,1,Lucky Draw/Giveaway
Netflix: เราพบข้อผิดพลาดในการสมัครสมาชิกของคุณ,1,Netflix
สมัครรับทันที 183 แจ็ตพอตPG JILIJKR ลิงค์ t83slot.com,1,Online Gambling
ช่วยเหลือค่าไฟฟ้าภาครัฐคืนเงินประกันลงทะเบียน relink.asia/sBGgY,1,PEA
"🎁คณมีเงินรางวัล 88-588 บาทฟรีที่ยังไม่ได้รับ!
💰เข้าสู่เว็บไซต์เพื่อรับเงินรางวัลสูงสุด 9999 บาท
🏆460bet แพลตฟอร์มความบันเทิงออนไลน์ที่ใหญ่ที่สุดในเอเชียมีเกมสล็อตมากมายรอให้คุณสำรวจ
🌐เป็นทางการ: 460888f.com
📲ดาวน์โหลดแอป: 862670.com
 ‼️โปรดทราบ: ตอบกลับเนื้อหาสองชิ้นติดต่อกันได้ฟรีแล้วคลิก URL",1,Online Gambling
"สวัสดีค่ะ เนื่องจากคุณเป็นผู้ใช้ที่มีประวัติที่ดี  ยินดีด้วยคุณถูก Lazada เลือกให้ทำงานหารายได้เสริมทางออนไลน์ ใช้เวลาเพียง 3-5นาที จ่ายสดทุกบิล รายได้ต่อวัน2000บาท/วัน
ติดต่อเรา@LINE： เบอร์ติดต่อ：093461002",1,Lazada
"สวัสดีครับ ผมเป็นผู้จัดการการจ้างงานของ Shopee เนื่องจากตำแหน่งว่าง เรากำลังหาพนักงานสมัครงาน part-time จากที่บ้าน เงินเดือนจะได้รับ 1,000-5,000 บาทต่อวัน โปรดติดต่อเราหากคุณสนใจ
LINE ID：7 หมายเลขโทรศัพท์：",1,Financial/Bank
"สวัสดีค่ะ ยินดีด้วยคุณเป็นผู้โชคดีจากTikTok ตอนนี้คุณได้รับเชิญทำงานหารายได้เสริมบน TikTokเพียงแค่กดไลค์กดติดตาม ทำรายการง่ายๆจ่ายสดทุกบิล รายได้5,000 บาท
สนใจติดต่อฝ่ายบริการ 
LINE：",1,TikTok
ยินดีด้วยคุณได้สิทธิ์ลุ้นทองตลอดปี! สมัครดวงความรัก กด*471*40# (3บ/ขค),1,Horoscope/VAS/Telecom
ลุ้นรับรถNissanและจี้ทองคำ! กด*487*85# สมัครรับภาพปฏิทินดารา(3บ/SMS),1,Nissan
"คุณถอนเงินสำเร็จแล้ว 1,000 บาท https://bit.ly/332JYMC",1,Financial/Bank
GG168TH เว็บตรง แตกง่าย สมาชิกใหม่50รับ 100 https://heylink.me/NoOTD,1,Online Gambling
GG168TH ยุสใหม่โอกาสชนะกว่า90%ฝาก100รับ200ทันที https:/kng.wtf/g2,1,Online Gambling
ค่ายใหญ่แตกง่าย คืนยอดเสีย5%LINE:@88DELL https://bit.ly/44NIjZO,1,Online Gambling
spclubด่วนๆตอนนี้เว็บปรับแตกได้ทุกยูสเว็บตรงมั่นคงhttps://kng.wtf/sp2,1,Online Gambling
คุณมีเงินฟรี 1888 รออยู่ เข้าสู่ระบบกดรับได้เลยตอนน cutt.ly/Ow8saLPS,1,Lucky Draw/Giveaway
เจ้าหน้าที่การไฟฟ้าจำเป็นต้องเข้าไปถอดมิเตอร์ เนื่องจากผู้ใช้ไฟค้างชำระค่าไฟสองเดือน หากชำระแล้วยื่นหลักฐานได้ที่:www.rxsth.com,1,PEA
เงินคืนเข้า บัญชีxxx-x-x7589จำนวน1xx.xxบาทhttps://chaiyo2268.com/01,1,Unknown/General Scam
"ค่าคอมฯ1,74xx.xxบ.เข้ากระเป๋าเรียบร้อยแล้ว https://chaiyo2268.com/all",1,Financial/Bank
กู้ง่าย ผ่อนสบาย ไม่ต้องใช้คนค้ำคลิก : bit.ly/3EF9biJ,1,Financial/Bank
"เครดิตจำนวน 70,xxxบาท อนุมัติแล้ว เช็คhttps://chaiyo2268.com/all",1,Financial/Bank
"เชียร์มันส์ทะลุจอ! ซื้อก่อน ลดเลย 300 บ. เตรียมพร้อมชมสดศึกฟาดแข้ง พรีเมียร์ลีก 2023/24 ทั้งซีชั่น พิเศษ เพียง 2,900 บ. (ปกติ 3,200 บ.) สมัครด่วน! ราคานี้ถึง 31 ก.ค. 66 เท่านั้น คลิก dtac.co.th/s/EPLSMS",0,DTAC
"ดีแทคxแกรมมี่ แจกหนัก โชคมือถือ 300,000 บาท แค่สมัครรับข้อความจาก บริการ SMS ดูดวงดังนี้ ยิปซีชี้โชค กด *471*59# ดวงดีรายวัน กด *471*73# ทาโรต์ พยากรณ์ กด *471*74# วันนี้-15 เม.ย. 66 สอบถามเพิ่มเติม แกรมมี่ คอลเซ็นเตอร์ โทร*12399",0,GMM Grammy
มาพักเบรค ชาร์จพลัง รับความหวานเจี๊ยบ ไปกับเกม ตัวดี..หวานเจี๊ยบ ชนะเกมรับเลย 30 coins!เล่นเลยย https://s.dtac.co.th/TDOR/s9b9lkex,0,DTAC
คุณมีคะแนนใกล้หมดอายุ รีบแลกคะแนนก่อน 31 ธ.ค. 66 สอบถามโทร 02-657-1111,0,Billing / Rewards
"ประกันชีวิตอาวุโสโอเคให้พ่อแม่ คุ้มครองชีวิตสูงสุด 200,000บ. เริ่มต้นเพียงวันละ 6บ. ไม่ต้องตรวจและไม่ต้องตอบคำถามสุขภาพ สมัครง่ายเป็นโรคอะไรก็สมัครได้ จากเอไอเอ คลิก https://ct.elinks.io/8c0Lt0my",0,AIA
ชำระบิลค้างชำระ,0,Billing / Rewards
HBDส่วนลดหนังสือ15% รหัส091namt ใช้ได้1ครั้ง ที่ร้านซีเอ็ดExp.30/09/66,0,SE-ED
พิเศษเฉพาะคุณรับฟรี Boots Vitamin C Hydrogel Eye Patches 1 ชิ้น เมื่อซื้อสินค้า Boots Vitamin C ใดใดที่ร้านบู๊ทส์ ครบ 300 บาท ใช้ได้ถึงวันที่ 30 พ.ย. 2566 รายละเอียดเพิ่มเติม bit.ly/45ADOSS โหลดBoots Appรับข้อเสนอพิเศษจากบู๊ทส์ bit.ly/3wyXHum เปลี่ยนแปลงการรับข่าวสารโทร022699599หรือ contact.us@bootsrt.com,0,Boots
"รับฟรีประกันชีวิต FWD คุ้มครองสูงสุด 270,000*บาท เพียงซื้อแพ็กเสริมเน็ต เริ่มต้นเพียง 79 บาท ต่อเดือน คลิก www.dtac.co.th/s/FWDStack",0,FWD
พิเศษเฉพาะคุณ เพียงโทรสะสมครบ 20 บาทภายในวันที่ 03/11/2023 (ไม่รวมการซื้อแพ็กเกจเสริม) รับโบนัสเงินคืน 20 บาท ใช้โทรในเครือข่าย เน็ต และ SMS นาน 2 วัน,0,Horoscope/VAS/Telecom
ช้าหมด ช้อปด่วน! ลดสูงสุดถึง 80% พร้อมรับคะแนนคูณ2* วันนี้ – 31 ส.ค. 66 เท่านั้น!ดูสินค้าลดราคา https://bit.ly/lastchaug23 *เงื่อนไขเป็นไปตามที่อิเกียกำหนด,0,IKEA
ขอความร่วมมือกรอกแบบสำรวจความพึงพอใจของผู้บริจาคโลหิต ศูนย์บริการโลหิตแห่งชาติ   สภากาชาดไทย ประจำปี พ.ศ. 2566 https://forms.gle/STnNk2v8rNtTRSPa7,0,Thai Red Cross
ให้ประกันชีวิต DIY ดูแลคุณและคนที่รัก เบี้ยเริ่มแค่ปีละ 378 บ. คุ้มครองสูงสุด 1 ลบ. คลิกเลย https://www.dtac.co.th/s/2HcWDX6,0,DTAC
คุ้มเว่อร์! แค่โหลดแอปฯ Rabbit Rewards เช็กพอยท์สะสมของคุณที่มีตอนนี้และนำมาแลกเที่ยวเดินทาง BTS ฟรี อย่ารอช้าโหลดเลย bit.ly/3Enc9ce,0,Rabbit / BTS
โลหิตของคุณเป็นโลหิตที่มีคุณภาพ และได้ส่งต่อไปใช้รักษาผู้ป่วยแล้ว #บริจาคโลหิตฝ่าวิกฤตโควิด-19 ไปด้วยกัน  สอบถามข้อมูลเพิ่มเติม 0 2256 4300,0,Thai Red Cross
ประกันอุบัติเหตุ เจ็บช่วยจ่าย เริ่มแค่วันละ 3 บ. พร้อมรับส่วนลดทันที 200 บ. คลิกเลย https://www.dtac.co.th/s/lbU1D0Q,0,DTAC
"ร่วม ""บอกรักด้วยการบริจาคโลหิต"" ทั่วประเทศกับโครงการ เติมความรัก เติมโลหิต ด้วยหัวใจ  ระหว่างวันที่ 13-17 ก.พ.66 ลุ้นรับ น้องหมีจัมโบ้สุดน่ารัก สอบถามโทร. 02-256-4300",0,Thai Red Cross
ร่วมแชร์ประสบการณ์ช้อปที่โลตัส ลุ้นรับ 50 โลตัสคอยน์! https://ql.tc/EQ7shV,0,Lotus's
รีบเลย❗️ อัพสปีดสุดคุ้ม 🤩 เริ่มต้น3บ. เพียงซื้อแพ็ก 22บ แพ็กเกจ1วัน ไม่อั้นไม่ลดสปีด ที่แอปทรูมันนี่👉🏻  tmn.app.link/C263,0,TRUE
ร่วมรณรงค์ให้คนไทยห่างไกลโรคหลอดเลือดสมอง ผ่านโครงการแสงนำใจไทยทั้งชาติ เดินวิ่งปั่น ป้องกันอัมพาตครั้งที่ 9 เฉลิมพระเกียรติ วันที่ 29 ต.ค. 66 สมัครคลิก https://race.thai.run/wrb9bangkok,0,Public Campaign
GrabFoodคิดถึง มอบส่วนลด! เครื่องดื่ม AMAZON ซื้อ 1 แถม 1* ใส่รหัส COMEBACK(ลด50%ขั้นต่ำ 70สูงสุด70บ) คลิก! grb.to/GrabFood ถึง31Dec,0,Grab
เหมาเหมาเน็ตเต็มสปีด1GB พร้อมเน็ตเล่น11เกมฮิตไม่อั้น เร็ว4Mbps นาน24ชม. แค่29บ. กด *777*7305#,0,AIS
รหัสยืนยัน Disney+ Hotstar ของคุณคือ xxxx กรุณาอย่าส่งต่อรหัสนี้,0,Disney+
รหัสสำหรับปิดการใช้งานหรือย้ายเครื่องยืนยันตัวตน Steam ของคุณคือ: xxxxx,0,Steam
อิ่ม-ฟิน-เวอร์ส่งท้ายปี! เลือกรับฟรีเมนูกับ3แบรนด์ดัง@Potato Corner/Dakasi/Paulเฉพาะลูกค้าดีแทคPlatinum Blue MemberและGold Memberใช้ 699คอยน์ สิทธิ์มีจำกัด ถึง31ธค66 คลิก https://dtac.co.th/sk/Findec,0,DTAC
ร่วมแชร์ประสบการณ์ช้อปที่โลตัส ลุ้นรับ 50 โลตัสคอยน์! https://ql.tc/b/iTnDod1Q,0,Lotus's
"พิเศษเฉพาะลูกค้าดีแทค เป็นเจ้าของSamsung Galaxy A34 5G ผ่อนเริ่มเพียงเดือนละ 539 บาท ไม่ต้องจ่ายวันแรก ผ่อน 0% ไม่ต้องใช้บัตร พร้อมรับส่วนลดแพ็กเกจรายเดือน 1,200 บาท คลิก https://www.dtac.co.th/s/mwAQm8I หรือที่ดีแทคทุกสาขา วันนี้-29ก.พ.67",0,Samsung
Samsung Galaxy S24 Series รับเครดิตเงินคืนทันทีสูงสุด 3000บ. กับPay Next Extra หรือผ่อน 0% สูงสุด 36 เดือน ถึง 29ก.พ.นี้ คลิก www.dtac.co.th/s/RTFBDevice หรือติดต่อศูนย์บริการดีแทคใกล้คุณ,0,Samsung
ทุกทริปมั่นใจ ด้วยประกันเดินทาง เบี้ยเริ่มแค่ทริปละ 48 บ.*รับส่วนลด 15% เพียงกรอกโค้ด Travel https://www.dtac.co.th/s/T5B5b4I,0,DTAC
ห้ามพลาด! รับสิทธิ์เฉพาะเบอร์คุณ เน็ตเต็มสปีด 99GB 49บ. 7วัน โทร *212*61# หรือ คลิก https://dtac.co.th/s/FDDTNOTP2 ถึง 29 ก.พ นี้,0,DTAC
กำหนดการลงทะเบียนเทอม 2/2566 https://kmutt.me/reg_TH2-66,0,KMUTT
บริการชำระบิลค่าบริการรายเดือนอัตโนมัติ ผ่านบัตรเครดิต/บัญชีธนาคาร จะหักค่าบริการ 321.00 บ.จากบัญชีของคุณในวันที่ 23/02/2024 กรุณาเตรียมยอดให้เพียงพอต่อค่าบริการ ขอบคุณที่ใช้บริการ,0,Billing / Rewards
OTP 930917 (ref. 8697) สำหรับสมัคร myID อย่าบอกรหัสนี้กับบุคคลอื่น,0,OTP Verification
รหัสยืนยันสำหรับ Rabbit ID ของคุณคือ 841450 (รหัสอ้างอิง ASVSZO ) โปรดทำรายการใน 10 นาที,0,Rabbit / BTS
เปลี่ยนเบอร์ OTP: 814199 รหัสมีอายุ15นาที อย่าเปิดเผย,0,OTP Verification
OTP = 782022 [รหัสอ้างอิง: 1905] เพื่อทำรายการผ่าน “เป๋าตัง” ภายใน 3 นาที,0,KTB
รหัส OTP ของคุณ คือ 108823 (Ref: DLSWQX) รหัสมีอายุ 5 นาที,0,OTP Verification
640358 คือรหัสสำหรับรีเซ็ตรหัสผ่าน Facebook ของคุณ,0,Facebook
"แจกแรง ลุ้นจัดเต็ม!  เพิ่มคะแนนให้ลูกค้าเอไอเอสลุ้นง่ายๆ ไม่ว่าจะใช้เอไอเอส พอยท์แค่ 5 คะแนน บางจาก 40 คะแนน ซิตี้ รีวอร์ด 50 คะแนน หรือ K Point 50 คะแนนก็ลุ้นได้! แจกแรง ลุ้นรับจัดเต็ม! OPPO Reno8T 5G 256GB มูลค่า 14,990 บาท จำนวน 50 รางวัล รวมมูลค่า 749,500 บาท แลกสิทธิ์ได้ที่ https://m.ais.co.th/EKH8ObRIy หรือ กด *550*4#โทรออก ฟรี!ยิ่งกดแลกมาก ยิ่งมีสิทธิ์มาก ตั้งแต่วันที่ 1 เม.ย. 66 – 30 เม.ย. 66",0,AIA
รหัสผ่านครั้งเดียว (OTP) เปิดใช้บัวหลวง เอ็มแบงก์กิ้ง คือ LZJX-045169 ใช้ภายใน 3 นาที โปรดเก็บรหัสนี้เป็นความลับเพื่อความปลอดภัย,0,Bangkok Bank
"คุณกำลังเปิดใช้ mBanking เพื่อทำธุรกรรมทางการเงินบนมือถือ ณ 21:44 หากไม่ได้ทำรายการติดต่อ 1333 / You activated Bualuang mBanking to make a financial transaction at 21:44. If this was not you, please call 1333",0,Bangkok Bank
Lenovo #MP2H9F1N แชทพร้อมให้บริการ หากต้องการความช่วยเหลือเพิ่มเติม https://att.sode.im/su/y1HJ5U แบบสำรวจจะถูกส่งเร็วๆนี้,0,Lenovo
"โปรโมชั่นใหม่ของคุณคือ 5G Fixxy Return 399, โทร 200 นาที เน็ตความเร็วสูงสุด 15 Mbps. ค่าโทรส่วนเกิน1.50บ./นาที SMS 2.5บ. MMS 4.5บ. เริ่มใช้งานวันที่ 31/12/2023 รายละเอียดเพิ่มเติม คลิก http://bit.ly/ss_iserv-changepk",0,AIS
กรุณาโทร 9600ฟรี เพื่อฟังข้อความเสียงที่ฝากถึงคุณจากหมายเลข089122xxxx,0,Horoscope/VAS/Telecom
HomePro ขอขอบคุณ e-Tax คลิก 9i9.in/C98dA6hom รหัส 8491 สมัครสมาชิกใหม่รับส่วนลด https://mapi-clm.homepro.co.th/privilege/reward/Z0DEqg681y,0,HomePro
รับฟรี Vichy DERCOS DANDRUFF 50ML 1 ชิ้น เมื่อซื้อสินค้าใดๆ ครบ 599 บ.ที่บู๊ทส์ ตั้งแต่ 1 พ.ย. 66 - 31 ม.ค.67 เพิ่มเติม bit.ly/3QpiTNu โหลดBoots Appรับข้อเสนอพิเศษจากบู๊ทส์ bit.ly/3wyXHum เปลี่ยนแปลงการรับข่าวสารโทร022699599หรือ contact.us@bootsrt.com,0,Boots
ใจฟู เน็ตฟูลสปีด! เล่นไม่สะดุด 50วัน 199บ. 30วัน ถึง 29 ก.พ.67 คลิก https://dtac.co.th/s/CMTDTE5,0,DTAC
เที่ยวเหนือชั้น เร็วแรงถึงทั่วโลก ใช้ง่าย ไม่ต้องเปลี่ยนซิม กับแพ็กเน็ตโรมมิ่ง GO Travel เริ่มเพียง 99 บาท พิเศษ! ฟรีประกันเดินทาง และสิทธิพิเศษอีกเพียบ คลิก https://www.dtac.co.th/s/5I5YvoF,0,DTAC
มีนา ต้องมีโปร! เน็ตเต็มสปีด 50GB 30วัน 199บ.(ราคาเต็ม 349บ.) คลิก https://dtac.co.th/s/CMTDTD4,0,DTAC
ลดฉ่ำ!!! เน็ต Booster 50GB 199บ. 30วัน (จาก 349บ.) ถึง 29 ก.พ.67 หรือ 12GB 99 บาท 7วัน https://dtac.co.th/s/CMTDTB2,0,DTAC
โชว์SMS ลดเพิ่ม10%จากราคาโปรโมชั่น เมื่อซื้อสินค้าใดๆ ถึง 31 ก.ค. 2566 (239901061756)  จำกัด 1สิทธิ์/สมาชิก เงื่อนไข คลิก bit.ly/3vEnUaA โหลดBoots Appรับข้อเสนอพิเศษจากบู๊ทส์ bit.ly/3wyXHum เปลี่ยนแปลงการรับข่าวสารโทร 022699599 หรือ contact.us@bootsrt.com,0,Boots
ประกันสุขภาพราคาเบาๆ เบี้ยเริ่มเพียง 16 บ./วัน* ลดเพิ่มอีก 10% กรอกโค้ด Health https://www.dtac.co.th/s/KOlv08J,0,DTAC
สุขสันต์เดือนเกิด! คุณ ชลากร รับฟรี ไก่บาร์บีคิวคลิก! https://1112.to/osSRQ,0,The Pizza Company
Jolly Monti เรียนรู้ผ่านเกมเสริมทักษะ Montessori สำหรับเด็ก กว่า 1000 เกม สมัครเลย 150 บ./สัปดาห์ https://www.dtac.co.th/s/JollyMonti,0,DTAC
สังเกตุได้จากชื่อ ถ้าเป็นเบอร์ธรรมดาคือมิจ เพราะว่าส่วนมากจะมีชื่อหมดละอย่าง pizza dtac ไรงี้เวลาข้อความมาถึง,0,DTAC
รับโค้ดส่งฟรี* 4 ใบ เฉพาะคุณ รีบใช้เลย! (ยกเลิกข่าวสาร เข้าแอปฯ>ฉัน>ตั้งค่าบัญชี>ตั้งค่าการแจ้งเตือน),0,Shopee
พร้อมรับมือทุกเหตุไม่คาดฝันด้วยประกันอุบัติเหตุ เบี้ยเริ่มแค่วันละ 3 บ. สมัครวันนี้ ! ลดเพิ่มอีก 200 บ. ทันที https://www.dtac.co.th/s/qgutpHI,0,DTAC
ดีแทคขอให้คุณเดินทางโดยสวัสดิภาพ ด้วยประกันเดินทางลดพิเศษถึง 10% (ใส่โค้ด Trip) ที่ดีแทค ดีชัวรันส์ https://www.dtac.co.th/s/jlI39jx,0,DTAC
"คุณได้รับวงเงินเพิ่มแล้ว!!  แฟลชเซลแบรนด์ดังลดสูงสุด 90%,วงเงินพิเศษจะหมดอายุในวันที่ 21 พ.ย. ，ช้อปเลย! https://m.thisshop.com",0,Thisshop
LANCOME x Central & Robinson Midnight Sale พบดีลสุดพิเศษและส่วนลด 15%* เฉพาะวันที่ 30 มี.ค.67 - 31 มี.ค.67 เท่านั้น bit.ly/4aji5RP,0,Central / The 1
"Lancome Miss You! พิเศษเฉพาะคุณ รับคะแนน x3 เมื่อกลับมาช้อปสินค้าใดๆ  ภายใน01/05/2024  และรับส่วนลด 10% กรอกโค้ด""LCMISSYOU"" เฉพาะที่ lancome.co.th ช้อปเลย> bit.ly/49l5PQ1",0,Lancome
ดีแทคห่วงใย เพราะอุบัติเหตุเกิดได้ทุกเวลา มีประกันไว้ชัวร์กว่า คุ้มครองสูงสุด 5แสน ที่ดีแทค ดีชัวรันส์ วันนี้ลดทันที 100 บ. เพียงใส่โค้ด PA100 https://www.dtac.co.th/s/oKOmwQq,0,DTAC
11.11 ลด25%ทั้งร้าน ช้อป2100สุทธิ ลดเพิ่ม11%+ฟรีNYGift1800 ที่OP-15พย,0,Oriental Princess
คุ้มสุด! เน็ตแรงเต็มสปีด 88GB 88บาท 8วัน (excl.VAT) สมัครโทร *222*66# หรือคลิก https://dtac.co.th/s/HotDeal ถึง 30 เม.ย. 67,0,DTAC
ครบรอบ 3 เดือนที่อยู่ด้วยกัน รับฟรีเน็ต 10GB เดือนละครั้ง ทุกวันที่ 02 ในดีแทคแอป คลิก www.dtac.co.th/s/AOU (ภายใน 7 วัน),0,DTAC
เติมเงินครั้งละ 20บ.ขึ้นไปวันนี้ ฟรีเน็ตเต็มสปีด 1 GB นาน1วัน(ได้โบนัสจากการเติมเงิน) พิเศษ!เน็ต 2GB ความเร็วสูงสุด 22บ/วัน(ไม่รวม VAT) โทร*104*367# หรือ https://dtac.co.th/s/YT1,0,DTAC
"GO ได้มากกว่าไปกับ GO Travel แพ็กเกจเน็ตต่างประเทศ เริ่มเพียง 99 บาท พิเศษ! ฟรี In-flight roaming, ฟรีประกันเดินทาง คลิก https://www.dtac.co.th/s/5I5YvoF",0,DTAC
ของขวัญวันเกิดเดือนนี้เฉพาะคุณ! ส่งของด่วนลด50%* ใส่โค้ด EXPMBD50,0,Grab
เรากำลังดำเนินการคืนเงิน Your refund has been processed lzd.co/rfd,0,Lazada
อย่าช้า! โหลดแอป Rabbit Rewards + ผูกบัตร แลกตั๋วขึ้น BTS ฟรี bit.ly/43wgljG,0,Rabbit / BTS
[ ⬛️ Express] พัสดุ ⬛️⬛️ จัดส่งสำเร็จแล้ว ตรวจสอบได้ที่เว็บไซต์ ⬛️ Express Thailandหากมีข้อสงสัย กรุณาติดต่อ call center 1470,0,J&T Express
ขอบคุณที่ชำระ 535 บ. 01/03/2024 3bb.co.th/r/20240301/3QSX101-QEz-2eJ-t7cj3,0,3BB
อัตราดอกเบี้ยปกติ 19.8%-25%ต่อปี กู้เท่าที่จำเป็นและชำระคืนไหว ขออภัยหากทำรายการแล้ว/ยกเลิกรับ SMS โทร 026950000,0,Krungsri
เฉพาะคุณ🤩ส่วนลด50.- เพียงชอป450.-ที่วัตสันถึง31มี.ค.67 bit.ly/3NhLcum,0,Watsons
"พิเศษเฉพาะคุณ!0%ทั้งร้านนาน 10เดือน เมื่อผ่อนตั้งแต่ 5,000บ.ขึ้นไปต่อเซลส์สลิปที่โฮมโปรทุกสาขา คุ้มอีกต่อ*ใช้คะแนนHomeCard 1,000คะแนน แลกรับ E-Coupon ส่วนลดโฮมโปรมูลค่า200บาท ตั้งแต่วันที่ 1มี.ค.67-31พ.ค.67 ข้อมูลเพิ่มเติมที่เว็บไซต์บริษัทฯ(ยกเลิกSMSโทร.023456789)กู้เท่าที่จำเป็นและชำระคืนได้ตามกำหนด จะได้ไม่เสียดอกเบี้ย 0%-25% ต่อปี",0,HomePro
"เซ็นสัญญาเพื่อร่วมเป็นพาร์ทเนอร์ร้านค้า Grab ได้แล้วตอนนี้! โปรดตรวจสอบอีเมลผู้ติดต่อของคุณเพื่อเซ็นสัญญา โดยค้นหาคำว่า ""Adobe Sign"" ในกล่องข้อความอีเมล",0,Grab
สะสมแต้มด่วน ! ครบ 2 แต้ม ลุ้นรับส่วนลด TAO BIN และรับแต้มฟรี 10 แต้ม วันนี้–31 มี.ค. 67 คลิก https://lin.ee/BrO4NUg,0,Tao Bin
ต้องลอง! มะม่วงอกร่องทองซันเด อร่อยเคลิ้ม 129.- (แนบลิงก์),0,Swensen's
โปรคุ้มใหญ่โหด เน็ตเต็มสปีด 99GB 30วัน 299บ. (ไม่รวม VAT) กด *900*8548# โทรออกก่อน 30 เม.ย.67,0,TRUE
"ดีลพิเศษเฉพาะคุณ มาช้อปที่บิ๊กซี! 5-11 เม.ย.67 ลดทันที 200.- เมื่อช้อปครบ 2,000.-",0,Big C
เติมแล้ว! กรอกโค้ด HOT100 ลด 100.- เมื่อช้อปครบ 699.-,0,Retail/E-commerce
หยุดยาวนี้ ลูกค้าอลิอันซ์อยุธยารับประกันอุบัติเหตุ ไม่มีค่าใช้จ่าย คลิก (แนบลิงก์),0,Allianz Ayudhya
คุ้มสุด จ่ายบิลทรูวันนี้ รับทันทีทรูพอยท์ X2  เพียงจ่ายบิล 100 บ. ขึ้นไป ผ่านแอปทรูมันนี่ จ่ายเลย,0,TRUE
"เฮงได้ เฮงดี กับโปรโมชันสุดเฮง จาก EDGE by KKP ซื้อกองทุนใดก็ได้ ครบ 25,000 บาท พร้อมกรอก Promotion Code:CNY รับเงินโอนเข้าบัญชี KKPSS 50 บาท ลงทุนเพิ่มได้รางวัลเพิ่มสูงสุด 10,000 บาทวันนี้ – 31 มี.ค. 67 สอบถาม/ยกเลิก SMS โทร. 021655555",0,KKP
แจกฟรี 5 ทรูพอยท์ เอาใจสายบันเทิง! รับสูงสุด 10 ทรูพอยท์/เดือน เมื่อรับชมหนัง ซีรีส์ อนิเมะ และ LiveTV ในหมวด “Watch & Earn” ตั้งแต่ 15 มี.ค. 67  - 30 มิ.ย. 67  ที่แอปทรูไอดี คลิก https://ttid.co/ln4U/d1ybi3pi,0,TRUE
รับค่าโทร 500 บาท ฟรี! ลุ้นกด*159# สมัครบริการสุขภาพ 5บ/ขค,0,Horoscope/VAS/Telecom
ลุ้นเป็นเศรษฐีกด*159#สมัครบริการ สุขภาพ5บ/ขค รับทอง/บัตรเติมเงิน500บาท,0,Horoscope/VAS/Telecom
เอาไปเลย !! รับค่าโทร 500 บาท ลุ้นกด*159# สมัครบริการสุขภาพ 5บ/ขค,0,Horoscope/VAS/Telecom
เคลียร์ชัดทุกคำตอบ!กับหมอดูชื่อดังเริ่มต้น 399 .- bit.ly/3fxQwcL,0,Horoscope/VAS/Telecom
รู้ดวง !! เปลี่ยนชีวิตให้ปังกับหมอดูซื่อตัง เริ่มต้น 399 .- bit.ly/3MX6L44,0,Horoscope/VAS/Telecom
คุณได้ยกเลิกการชำระเงินที่ 7-ELEVEN และได้รับเงินคืน 168.00 บาท ยอดเงินคงเหลือ 236.63 บาท,0,7-Eleven
รับส่วนลด 200 บาท เมื่อช้อป Greyhound แบรนด์แฟชันระดับโลกโดยคนไทย เก็บคูปองส่วนลดเลย คลิก https://superapp.onesiam.com/PZZH/nsgh,0,OneSiam
ยกขบวนมาอิ่ม เอาใจสายกินกับ 70 ร้านดังพร้อมรับโปรพิเศษเด็ต จะฟินไทยๆ อร่อยสไตล์ญี่ปุ่น หรือเต็มอิ่มแบบอินเตอร์ คลิกเลย https://bit.ly/3gPzIHi,0,Retail/E-commerce
สายบิวตี้ อัปความสวย ความงาม ได้ตลอดทั้งปี กับคลินิกชั้นนำ ที่คัดสรรมาแบบป้งๆ 1 ม.ค.66-31ธ.ค.66 เพิ่มเติมคลิกเลยhttps://bit.ly/3WivTps,0,Beauty Clinic
ขอเชิญสนับสนุนโครงการ 'โฮมกันมาทำนา'เปิดประสบการณ์การเป็นชาวนา และได้ทานข้าวดีมีคุณภาพ เพิ่มเติมคลึก https://lin.ee/17uRc5h,0,Public Campaign
"ไข้หวัดใหญ่ระบาดหน้าฝน ไข้สูง หนาวสั่นปวดหัว-กล้ามเนื้อ คัดจมูก ไอแห้ง รีบพบ
แพทย์ผ่านแอปฯ หมอดี ใช้สิทธิ์พนักงานได้
ฟรี ส่งยาให้ถึงบ้าน คลิก https://
ct.elinks.io/M0X858vx",0,MorDee / Insurance
"วันแม่ปีนี้ซื้อประกันชีวิตอาวุโสโอเคให้พ่อแม่ คุ้มครองชีวิตสูงสุด200,000บ. เริ่มต้นเพียงวันละ6บ. ไม่ต้องตอบคำถามสุขภาพสมัครง่ายเป็นโรคอะไรก็สมัครใต้จากAlAคลิก! https://ct.elinks.io/uPyVKNrN",0,AIA
รับฟรี! วัคซีนไข้หวัดใหญ่ 1 เข็ม จากโครงการ AlA for Kids และสิทธิพิเศษสำหรับเด็กอายุไม่เกิน 6 ปี อีกมากมาย สิทธิ์จำนวนจำกัด สนใจรีบคลิก https://ct.elinks.io/20Mhnlbe,0,AIA
สิทธิการรับโบนัสเน็ตฟรี 3GB ใช้ได้ 3วันจากแคมเปญจ่ายภายในกำหนดของคุณกำลังจะสิ่นสุดลง กรูณากดรับสิทธิที่*986*882# ภายใน 02/10/2023 แล้วรอรับ SMS ยืนยันการใช้งาน,0,TRUE
28/10/23 15:58 แพ็กเกจเสริม ฟริยูทูบ5GB นาน 12เดือน ของคุณ จะใช้งานได้อีก30 MB และใช้เน็ตได้ต่อเนื่องจากแพ็กเกจหลักของคุณ(ถ้ามี) หรือแนะนำเน็ต3GB(ปกติ 1.5GB) 24ซม. 39 บ.(ไม่รวมภาษี) กด *900*1749#โทรออก หรือแพ็กสุดคุ้มที่ tmvh.co/c123,0,TRUE
ขอบคุณที่ชำระค่าบริการตามกำหนด เพื่อรับสิทธิ์เน็ตฟรี 3GB ใช้งานได้นาน 3 วันกรุณากด *986*882#โทรออก(ฟรี) ภายใน30/11/66,0,TRUE
สิทธิการรับโบนัสเน็ตฟรี 3GB ใช้ได้ 3วันจากแคมเปญจ่ายภายในกำหนดของคุณกำลังจะสิ้นสุดลง กรุณากดรับสิทธิที่*986*882# ภายใน 15/01/2024 แล้วรอรับ SMS ยืนยันการใช้งาน,0,TRUE
<#> OTP 530267 (Ref:FHYG) ห้ามแจ้งรหัสกับบุคคลอื่นทุกกรณี AVRIJHC739A,0,OTP Verification
วันนี้ ทุกเที่ยวเดินทางบีทีเอสมีค่า 1 สถานี =1 พอยท์* พิเศษ รับพอยท์ x2 เพียงเดินทางอย่างน้อย 4 เที่ยว/สัปดาห์* ดูเพิ่มเติม คลิกbit.ly3Vrwyq5 *เงื่อนไขเป็นไปตามที่บริษัทฯ กำหนด,0,Rabbit / BTS
รหัสยืนขัน 1390 ใช้ใต้ภายใน 10 นาที อย่าเปิดเผยกับคนอื่น,0,OTP Verification
ยินดีด้วยที่ได้รับคูปองแฟชั่นลค่า 150 .- สั่งNIKE NIKE Sneaker คอนนี้เพียง 522 .- /mo https://s.thisshop.com/s/DKSCQKFW,0,Thisshop
แลก 1 คะแนนบน The 1 APP อาจได้รางวัลกระเป๋า Coach! ร่วมสนุกได้ทุกวัน เปิดเจอรหัสที่ใช่ปั๊บรับเลย https://go.the1.co.th/UohD/39t2djhh,0,Central / The 1
รหัสสำหรับปิดการใช้งานหรือข้ายเครื่องยืนยันตัวตน Steam ของคุณคือ: 89669,0,Steam
"GO ได้มากกว่าไปกับ GO Travel แพ็กเกจเน็ตต่างประเทศ เริ่มเพียง 99 บาท พิเศษ!ฟรี In-flight roaming, ฟรีประกันเดินทางและสิทธิพิเศษจากพาร์ทเนอร์ชั้นนำอีกเพียบคลิก https://www.dtac.co.th/s/RTFBIR",0,DTAC
คุ้มยิ่งกว่าคุ้ม! เติมเน็ตเต็มสปีด 10GB นาน30วัน เพียง 200บ. แถมฟรี! คูปองแมคโตนัลด์ 200บ. กด*104*170# คลิกwww.dtac.co.th/s/RTFBMCD,0,DTAC
โปรแรง ดับร้อน เน็ตเต็มสปิดให้แบบจูกๆ60GB ฟรี! 24GB 30วัน เพียง 399บ. กต*212+90# ถึง31มี.ค.นี้ คลิก https://dtac.co.th/s/RTFBENT,0,DTAC
ดูยูทูปเพลินไม่สะดุดด้วยความเร็วสูงสุดกับแพ็ก YouTube แบบ HD แค่วันละ 29 บ.กด *212*16# หรือคลิก https://dtac.co.th/s/YT1D,0,DTAC
"ใช้ <OTP 194644>, <Ref. B8DP2L>เพื่อยืนยันเบอร์มือถือของคุณภายใน 5 นาทีและห้ามบอกรหัสนี้แก่ผู้อื่นไม่ว่ากรณีใด",0,OTP Verification
ส่งของด่วน ลดรวมสูงสุด 45 .-* แค่ 7 วันเท่านั้น ใส่โค้ด EXPONLYU4,0,Grab
ลด15 .-* x3 ไม่มีขั้นต่ำ ส่งของ พัสดุ เอกสารด่วน ใส่โค้ด EXPONLYU6,0,Grab
รีบกดโค้ดส่งฟรีก่อนหมดเดือน ใส่โค้ด'ALLDAY' ที่โรบินฮู้ดมาร์ท,0,Robinhood
ส่งของ พัสดู เอกสารด่วน ใส่โค้ดEXPONLYU8 ลด15 .-* x3 ไม่มีขั้นต่ำ,0,Grab
พิเศษเฉพาะคุณเท่านั้น! ส่งของต่วน2กม.แรก 24 .- .ใส่โค้ด EXPONLYU9,0,Grab
ประกันเดินทางจากดีชัวรันส์ ลด 20% 4 วันเท่านั้น ! https://www.dtac.co.th/s/159nUft,0,DTAC
เที่ยวแบบไหนก็เลือกความคุ้มครองเองได้ตรงใจ เริ่มแค่ทริปละ 235 บ. กรอกโค้ดTravel ลด 15% ถึง 31 ส.ค. นี้ รีบเลย !https://www.dtac.co.th/s/WhflOfx,0,DTAC
ประกันอุบัติเหตุ เจ็บช่วยจ่าย เริ่มแค่วันละ 3บ. พร้อมรับส่วนลดทันที 200 บ. คลิกเลขhttps://www.dtac.co.th/s/lbU1D0Q,0,DTAC
เจ็บเล็ก เจ็บใหญ่ ประกันอุบัติเหตุตุ้มครองให้สูงสุด 1 ล้านบาท เบี้ยแค่ 3 บ./วันพิเศษ ! สมัครวันนี้ รับส่วนลด 200 บ.https://www.dtac.co.th/s/6PobGCE,0,DTAC
พิเศษ! ซื้อประกันเดินทางผ่าน ดีชัวรันส์ รับส่วนลด 15%ทันที ไม่มีขั่นต่ำ กรอกโค้ดTrip15 https://www.dtac.co.th/s/6ADUpVf,0,DTAC
เจอเหตุฉุกเฉินกีอุ่นใจ ด้วยแผนประกันอุบัติเหตุส่วนบุคคล จากตีชัวรันส์ เพิ่มความคุ้มครองจากการถูกโจรกรรม เริ่มต้นเพียงวันละ 3 บาท คลิกเลข https://www.dtac.co.th/s/VEgfwBI,0,DTAC
รับประก้นความคุ้ม! ประกันภัยรถยนต์ชั้น 1ลดเลย 10% แถมฟรี ตรวจเช็กสภาพรถยนต์ 38 รายการและคูปองเงินสด 500 ที่ออโต้ว้น https://www.dtac.co.th/s/nuBV4NJ,0,DTAC
ประกันเดินทางจากติชัวรันส์ ลด 20% 4 วันเท่านั้น ! https://www.dtac.co.th/s/159nUft,0,DTAC
พิเศษกว่าใคร ที่ Gaming Nation เติมPoints เกม VALORANT ลด 11% ไม่จำกัดส่วนลดสูงสุด ใช้โค้ด GN7DC11 ห้ามพลาดhttps://www.dtac.co.th/s/ValJul23S,0,DTAC
ลดแหลก! ที่ Gaming Nation เติม Pointsเกม VALORANT ลด 10% ไม่จำกัดส่วนลดสูงสุด ใช้โค้ต GN9DC10 ห้ามพลาดhttps://www.dtac.co.th/s/ValSep23A,0,DTAC
แค่เติมเกมก็คุ้ม2ต่อรับส่วนลดเติมเกมทันที100บ.พร้อมตูอนิเมะเรื่องโปรดบนอ้ายฉีอี๋ ฟรี3วัน.คลึกเลย https://www.dtac.co.th/s/FBKHGWG,0,DTAC
Ragnarok X แจกฟรี! ไอเทมพิเศษ ให้เกมเมอร์ทุกค่ายเฉพาะในงาน Thailand GameShow 2023 ณ ศูนย์การประชุมแห่งชาติสิริกิติ์ 20 ต.ค.66-22 ต.ค. 66 https://www.dtac.co.th/s/RoxTGSs,0,DTAC
ปีชงก็ชิลได้สบายใจ รับฟรี! ประกันที่อยู่อาศัยคุ้มครอง 24 เดือน เพียงสมัครบริการเสริมกล้องวงจรปิดอัจฉริยะพร้อมบริการคลาวต์ 120 บาทคลิก https://iservice.page.link/PR2t,0,TRUE
โปรดยืนยันบัญชี Telegram ของคุณไม่เช่นนั้นม้นจะถูกลบ 1th.me/.Telegram,0,Telegram
ยินดีต้อนรับเข้าสู่ Turtle x RabbitRewards คุณผูกบัญชีสมบูรณ์แล้วตอนนี้คุณมี 250 พอยท์ เริ่มใช้งานเลยhttp://rbt.one/6elGRoAV,0,Rabbit / BTS
ยินดีด้วย! คุณภัทรยุพรรณได้รับ 250พอยท์จากแคมเปญเติมปั๊บ รับเที่ยวบีทีเอสฟรีแล้ว นำมาแลก 1 เที่ยวบีทีเอสฟรีได้ที่แอป Rabbit Rewards เท่านั้นโหลดเลย bit.ly/46bR285,0,Rabbit / BTS
Humdrama กลับมาแล้วกับละครเวทีเรื่อง Ad you wish โปรดระวังความปรารถนา 2 - 3 มี.ค. 67 นี้ ซื้อบัตรได้ที่ www.ticketmelon.com/humdramaku ติดตามพวกเรา IG :humdrama_ku,0,Ticketmelon
OTP เพื่อใช้ทำรายการที่เครื่องCDMคือ 046821 <Ref. A2996> ห้ามบอก OTP นี้แก่ผู้อื่น,0,OTP Verification
ใช้ <OTP 066412> <Ref. ZJ5F> ใน5 นาที ห้ามบอก OTP นี้แก่ผู้อื่นไม่ว่ากรณีใด,0,OTP Verification
"SPayLater 3,495.22 บาท ครบกำหนดวันที่ 01-04-2024 ชำระภายในกำหนดเพื่อหลีกเลี่ยงค่าใช้จ่ายเพิ่มเติม สอบถามติดต่อhelp@spaylater.in.th",0,Shopee
"บ/ชX7305 วันที่ 04/03 เวลา 06:01เงินในบ/ชใช้ได้ 2,301.51 บ",0,Bangkok Bank
"ถอน/โอน/จ่ายเงินจากบ/ชX7305ผ่านMB 2,200.00บ ใช้ได้101.5ใบ",0,Bangkok Bank
ลดหนักกลางปี!! ลูกค้า AIS รับส่วนลดสูงสุด  400 บาทที่แอป myAIS คลิกเลย!!  https://m.ais.co.th/xxHabvzC2,0,AIS
แจกกระหน่ำ ทุกวันอาทิตย์ ฟรีSamsung Galaxy S23 Ultra เฉพาะ 21ม.ค. 67 เล่นฟรี คลิก! https://ttid.co/ln4U/wf3dnlk3,0,Samsung
ใช้งาน SPayLater ใส่รหัส 035742มีอายุ 15 นาที อย่าเผยรหัส OTP,0,Shopee
คุณมีคะแนนใกล้หมดอายุ รีบแลกคะแนนก่อน 31 ธ.ค. 66 สอบถามโทร02-657-1111,0,Billing / Rewards
"เรียนคุณ แป้ง, ยินดีต้อนรับสู่ครอบครัวSK-II! เราได้เตรียมของขวัญสุดพิเศษสำหรับการซื้อครั้งต่อไปด้วยยอดใช้จ่ายขั้นต่ำ 5,800 บาท! เยี่ยมชมเคาน์เตอร์SK-II ใกล้ตัวคุณสำหรับข้อมูลเพิ่มเติมเป็นไปตามข้อกำหนดและเงื่อนไข",0,SK-II
"ประกันชีวิตอาวุโสโอเคให้พ่อแม่คุ้มครองชีวิตสูงสุด 200,000บ. เริ่มต้นเพียงวันละ 6บ. ไม่ต้องตรวจและไม่ต้องตอบคำถามสุขภาพ สมัครง่ายเป็นโรคอะไรก็สมัครได้ จากเอไอเอ คลิกhttps://ct.elinks.io/H3lnYwng",0,AIA
พิเศษ!สมาชิกSF Plus รับส่วนลด 50 .-Junji ito@MBKชั้น4 ถึง 30พ.ย.นี้,0,SF Cinema
พิเศษเฉพาะคุณ! ดูหนัง 80บ.เพียงกรอกโค้ด MYJTEQ28ธค.66-31มค.67,0,Major Cineplex
"SF รัตนาธิเบศร์ ขอบคุณด้วยใจสมาชิก SF Plus แสดง SMS รับสิทธิ์ดูหนังราคาพิเศษ 120 บาทพร้อมPopcorn M จำกัด 1,000 สิทธิ์ที่ SF เซ็นทรัลแจ้งวัฒนะและเดอะมอล์งามวงศ์วาน ตั้งแต่วันนี้ - 31 มี.ค. 67",0,Central / The 1
